"classification","outcome","code","sum_ESP","SEX","time","sum_sum_events","IR_std","Low_std","High_std"
"19cat","death28d","African",66500,"1","01 Jan 2021 to 30 Jun 2021","200",124.865,107.473,142.258
"19cat","death28d","Any other Asian background",66500,"1","01 Jan 2021 to 30 Jun 2021","225",103.608,90.07,117.146
"19cat","death28d","Any other Black background",66500,"1","01 Jan 2021 to 30 Jun 2021","55",102.462,84.036,123.78
"19cat","death28d","Any other ethnic group",66500,"1","01 Jan 2021 to 30 Jun 2021","145",97.271,81.383,113.158
"19cat","death28d","Any other Mixed background",66500,"1","01 Jan 2021 to 30 Jun 2021","40",116.75,96.987,139.404
"19cat","death28d","Any other White background",66500,"1","01 Jan 2021 to 30 Jun 2021","730",70.173,65.089,75.257
"19cat","death28d","Arab",66500,"1","01 Jan 2021 to 30 Jun 2021","<10",46.54,12.063,81.018
"19cat","death28d","Bangladeshi",66500,"1","01 Jan 2021 to 30 Jun 2021","170",150.93,128.241,173.618
"19cat","death28d","British",66500,"1","01 Jan 2021 to 30 Jun 2021","11180",79.408,77.936,80.881
"19cat","death28d","Caribbean",66500,"1","01 Jan 2021 to 30 Jun 2021","265",104.084,91.552,116.616
"19cat","death28d","Chinese",66500,"1","01 Jan 2021 to 30 Jun 2021","50",169.504,145.407,196.493
"19cat","death28d","Gypsy or Irish Traveller",66500,"1","01 Jan 2021 to 30 Jun 2021","0",0,NA,NA
"19cat","death28d","Indian",66500,"1","01 Jan 2021 to 30 Jun 2021","470",83.318,75.769,90.867
"19cat","death28d","Irish",66500,"1","01 Jan 2021 to 30 Jun 2021","130",61.523,50.906,72.14
"19cat","death28d","Pakistani",66500,"1","01 Jan 2021 to 30 Jun 2021","385",89.528,80.573,98.482
"19cat","death28d","Unknown/Not stated",66500,"1","01 Jan 2021 to 30 Jun 2021","385",77.699,69.927,85.47
"19cat","death28d","White and Asian",66500,"1","01 Jan 2021 to 30 Jun 2021","20",101.62,83.275,122.857
"19cat","death28d","White and Black African",66500,"1","01 Jan 2021 to 30 Jun 2021","15",92.119,74.719,112.411
"19cat","death28d","White and Black Caribbean",66500,"1","01 Jan 2021 to 30 Jun 2021","35",79.332,63.283,98.272
"19cat","death28d","African",66500,"1","01 Jan 2022 to 01 Apr 2022","<10",9.576,2.94,16.212
"19cat","death28d","Any other Asian background",66500,"1","01 Jan 2022 to 01 Apr 2022","10",9.282,4.638,16.8
"19cat","death28d","Any other Black background",66500,"1","01 Jan 2022 to 01 Apr 2022","<10",16.06,3.209,28.911
"19cat","death28d","Any other ethnic group",66500,"1","01 Jan 2022 to 01 Apr 2022","<10",3.286,0.066,6.507
"19cat","death28d","Any other Mixed background",66500,"1","01 Jan 2022 to 01 Apr 2022","<10",3.9,-3.744,11.543
"19cat","death28d","Any other White background",66500,"1","01 Jan 2022 to 01 Apr 2022","60",6.803,2.996,13.475
"19cat","death28d","Arab",66500,"1","01 Jan 2022 to 01 Apr 2022","<10",25.829,-24.796,76.455
"19cat","death28d","Bangladeshi",66500,"1","01 Jan 2022 to 01 Apr 2022","<10",16.279,3.253,29.305
"19cat","death28d","British",66500,"1","01 Jan 2022 to 01 Apr 2022","785",5.826,5.419,6.233
"19cat","death28d","Caribbean",66500,"1","01 Jan 2022 to 01 Apr 2022","15",9.602,4.858,17.219
"19cat","death28d","Chinese",66500,"1","01 Jan 2022 to 01 Apr 2022","<10",13.044,0.261,25.828
"19cat","death28d","Gypsy or Irish Traveller",66500,"1","01 Jan 2022 to 01 Apr 2022","<10",5.178,-4.971,15.327
"19cat","death28d","Indian",66500,"1","01 Jan 2022 to 01 Apr 2022","25",10.399,5.413,18.261
"19cat","death28d","Irish",66500,"1","01 Jan 2022 to 01 Apr 2022","<10",5.325,1.635,9.015
"19cat","death28d","Pakistani",66500,"1","01 Jan 2022 to 01 Apr 2022","20",14.967,8.739,24.076
"19cat","death28d","Unknown/Not stated",66500,"1","01 Jan 2022 to 01 Apr 2022","30",5.698,2.31,11.946
"19cat","death28d","White and Asian",66500,"1","01 Jan 2022 to 01 Apr 2022","<10",5.278,-5.067,15.622
"19cat","death28d","White and Black African",66500,"1","01 Jan 2022 to 01 Apr 2022","<10",10.164,-3.923,24.251
"19cat","death28d","White and Black Caribbean",66500,"1","01 Jan 2022 to 01 Apr 2022","<10",12.664,0.253,25.075
"19cat","death28d","African",66500,"1","01 Jul 2020 to 31 Dec 2020","115",88.898,72.65,105.146
"19cat","death28d","Any other Asian background",66500,"1","01 Jul 2020 to 31 Dec 2020","195",80.204,68.888,91.519
"19cat","death28d","Any other Black background",66500,"1","01 Jul 2020 to 31 Dec 2020","45",86.479,69.662,106.187
"19cat","death28d","Any other ethnic group",66500,"1","01 Jul 2020 to 31 Dec 2020","125",73.826,60.935,86.716
"19cat","death28d","Any other Mixed background",66500,"1","01 Jul 2020 to 31 Dec 2020","25",69.639,54.688,87.48
"19cat","death28d","Any other White background",66500,"1","01 Jul 2020 to 31 Dec 2020","770",62.663,58.234,67.092
"19cat","death28d","Arab",66500,"1","01 Jul 2020 to 31 Dec 2020","<10",107.45,27.85,187.049
"19cat","death28d","Bangladeshi",66500,"1","01 Jul 2020 to 31 Dec 2020","185",133.145,113.906,152.383
"19cat","death28d","British",66500,"1","01 Jul 2020 to 31 Dec 2020","13270",69.054,67.879,70.229
"19cat","death28d","Caribbean",66500,"1","01 Jul 2020 to 31 Dec 2020","195",88.249,75.798,100.699
"19cat","death28d","Chinese",66500,"1","01 Jul 2020 to 31 Dec 2020","25",102.645,84.201,123.981
"19cat","death28d","Gypsy or Irish Traveller",66500,"1","01 Jul 2020 to 31 Dec 2020","<10",20.603,-7.951,49.157
"19cat","death28d","Indian",66500,"1","01 Jul 2020 to 31 Dec 2020","455",74.315,67.502,81.129
"19cat","death28d","Irish",66500,"1","01 Jul 2020 to 31 Dec 2020","170",70.732,60.067,81.396
"19cat","death28d","Pakistani",66500,"1","01 Jul 2020 to 31 Dec 2020","510",91.062,83.167,98.958
"19cat","death28d","Unknown/Not stated",66500,"1","01 Jul 2020 to 31 Dec 2020","305",52.412,46.511,58.314
"19cat","death28d","White and Asian",66500,"1","01 Jul 2020 to 31 Dec 2020","20",72.701,57.396,90.897
"19cat","death28d","White and Black African",66500,"1","01 Jul 2020 to 31 Dec 2020","15",102.498,84.069,123.82
"19cat","death28d","White and Black Caribbean",66500,"1","01 Jul 2020 to 31 Dec 2020","45",142.272,120.312,167.124
"19cat","death28d","African",66500,"1","01 Jul 2021 to 31 Dec 2021","60",22.179,14.32,32.922
"19cat","death28d","Any other Asian background",66500,"1","01 Jul 2021 to 31 Dec 2021","80",24.029,15.797,35.148
"19cat","death28d","Any other Black background",66500,"1","01 Jul 2021 to 31 Dec 2021","40",47.316,35.231,62.291
"19cat","death28d","Any other ethnic group",66500,"1","01 Jul 2021 to 31 Dec 2021","70",30.539,21.091,42.874
"19cat","death28d","Any other Mixed background",66500,"1","01 Jul 2021 to 31 Dec 2021","25",32.899,23.043,45.643
"19cat","death28d","Any other White background",66500,"1","01 Jul 2021 to 31 Dec 2021","440",20.193,18.308,22.078
"19cat","death28d","Arab",66500,"1","01 Jul 2021 to 31 Dec 2021","<10",276.912,-106.869,660.693
"19cat","death28d","Bangladeshi",66500,"1","01 Jul 2021 to 31 Dec 2021","65",51.55,38.877,67.114
"19cat","death28d","British",66500,"1","01 Jul 2021 to 31 Dec 2021","5710",19.448,18.944,19.952
"19cat","death28d","Caribbean",66500,"1","01 Jul 2021 to 31 Dec 2021","170",40.556,34.423,46.689
"19cat","death28d","Chinese",66500,"1","01 Jul 2021 to 31 Dec 2021","15",26.48,17.772,38.073
"19cat","death28d","Gypsy or Irish Traveller",66500,"1","01 Jul 2021 to 31 Dec 2021","<10",2.513,-2.412,7.438
"19cat","death28d","Indian",66500,"1","01 Jul 2021 to 31 Dec 2021","155",21.576,18.19,24.961
"19cat","death28d","Irish",66500,"1","01 Jul 2021 to 31 Dec 2021","70",18.286,11.268,28.187
"19cat","death28d","Pakistani",66500,"1","01 Jul 2021 to 31 Dec 2021","190",46.248,39.706,52.789
"19cat","death28d","Unknown/Not stated",66500,"1","01 Jul 2021 to 31 Dec 2021","195",19.556,16.812,22.301
"19cat","death28d","White and Asian",66500,"1","01 Jul 2021 to 31 Dec 2021","10",42.991,31.534,57.337
"19cat","death28d","White and Black African",66500,"1","01 Jul 2021 to 31 Dec 2021","<10",16.52,5.072,27.969
"19cat","death28d","White and Black Caribbean",66500,"1","01 Jul 2021 to 31 Dec 2021","25",32.598,22.794,45.291
"19cat","death28d","African",66500,"1","23 Jan 2020 to 30 Jun 2020","270",245.376,215.998,274.754
"19cat","death28d","Any other Asian background",66500,"1","23 Jan 2020 to 30 Jun 2020","185",183.786,157.158,210.415
"19cat","death28d","Any other Black background",66500,"1","23 Jan 2020 to 30 Jun 2020","95",366.59,330.492,405.58
"19cat","death28d","Any other ethnic group",66500,"1","23 Jan 2020 to 30 Jun 2020","215",256.568,222.192,290.944
"19cat","death28d","Any other Mixed background",66500,"1","23 Jan 2020 to 30 Jun 2020","20",125.293,104.771,148.708
"19cat","death28d","Any other White background",66500,"1","23 Jan 2020 to 30 Jun 2020","595",145.445,133.768,157.121
"19cat","death28d","Arab",66500,"1","23 Jan 2020 to 30 Jun 2020","<10",98.009,1.96,194.058
"19cat","death28d","Bangladeshi",66500,"1","23 Jan 2020 to 30 Jun 2020","110",459.759,374.611,544.908
"19cat","death28d","British",66500,"1","23 Jan 2020 to 30 Jun 2020","12190",186.798,183.481,190.114
"19cat","death28d","Caribbean",66500,"1","23 Jan 2020 to 30 Jun 2020","355",259.917,232.955,286.879
"19cat","death28d","Chinese",66500,"1","23 Jan 2020 to 30 Jun 2020","55",347.854,312.728,385.874
"19cat","death28d","Gypsy or Irish Traveller",66500,"1","23 Jan 2020 to 30 Jun 2020","<10",782.868,240.368,1325.367
"19cat","death28d","Indian",66500,"1","23 Jan 2020 to 30 Jun 2020","510",235.925,215.469,256.381
"19cat","death28d","Irish",66500,"1","23 Jan 2020 to 30 Jun 2020","170",177.232,150.431,204.032
"19cat","death28d","Pakistani",66500,"1","23 Jan 2020 to 30 Jun 2020","285",248.168,219.305,277.031
"19cat","death28d","Unknown/Not stated",66500,"1","23 Jan 2020 to 30 Jun 2020","400",201.518,181.77,221.267
"19cat","death28d","White and Asian",66500,"1","23 Jan 2020 to 30 Jun 2020","25",289.651,257.721,324.474
"19cat","death28d","White and Black African",66500,"1","23 Jan 2020 to 30 Jun 2020","20",224.163,196.242,254.976
"19cat","death28d","White and Black Caribbean",66500,"1","23 Jan 2020 to 30 Jun 2020","85",407.779,369.631,448.821
"19cat","death28d","African",66500,"2","01 Jan 2021 to 30 Jun 2021","110",59.583,48.398,70.769
"19cat","death28d","Any other Asian background",66500,"2","01 Jan 2021 to 30 Jun 2021","140",55.945,46.711,65.18
"19cat","death28d","Any other Black background",66500,"2","01 Jan 2021 to 30 Jun 2021","30",37.892,27.217,51.455
"19cat","death28d","Any other ethnic group",66500,"2","01 Jan 2021 to 30 Jun 2021","100",51.267,41.317,61.216
"19cat","death28d","Any other Mixed background",66500,"2","01 Jan 2021 to 30 Jun 2021","20",40.863,29.726,54.888
"19cat","death28d","Any other White background",66500,"2","01 Jan 2021 to 30 Jun 2021","695",39.514,36.574,42.454
"19cat","death28d","Arab",66500,"2","01 Jan 2021 to 30 Jun 2021","<10",69.574,8.59,130.559
"19cat","death28d","Bangladeshi",66500,"2","01 Jan 2021 to 30 Jun 2021","115",78.594,64.102,93.085
"19cat","death28d","British",66500,"2","01 Jan 2021 to 30 Jun 2021","10320",47.107,46.198,48.016
"19cat","death28d","Caribbean",66500,"2","01 Jan 2021 to 30 Jun 2021","215",56.681,49.087,64.276
"19cat","death28d","Chinese",66500,"2","01 Jan 2021 to 30 Jun 2021","25",70.474,55.426,88.413
"19cat","death28d","Gypsy or Irish Traveller",66500,"2","01 Jan 2021 to 30 Jun 2021","<10",74.188,14.825,133.551
"19cat","death28d","Indian",66500,"2","01 Jan 2021 to 30 Jun 2021","320",53.094,47.258,58.929
"19cat","death28d","Irish",66500,"2","01 Jan 2021 to 30 Jun 2021","135",42.705,35.528,49.883
"19cat","death28d","Pakistani",66500,"2","01 Jan 2021 to 30 Jun 2021","245",53.157,46.501,59.813
"19cat","death28d","Unknown/Not stated",66500,"2","01 Jan 2021 to 30 Jun 2021","365",48.121,43.191,53.051
"19cat","death28d","White and Asian",66500,"2","01 Jan 2021 to 30 Jun 2021","15",53.823,40.843,69.692
"19cat","death28d","White and Black African",66500,"2","01 Jan 2021 to 30 Jun 2021","10",129.938,109.013,153.755
"19cat","death28d","White and Black Caribbean",66500,"2","01 Jan 2021 to 30 Jun 2021","40",75.365,59.757,93.864
"19cat","death28d","African",66500,"2","01 Jan 2022 to 01 Apr 2022","<10",2.145,0.043,4.247
"19cat","death28d","Any other Asian background",66500,"2","01 Jan 2022 to 01 Apr 2022","<10",5.628,1.728,9.529
"19cat","death28d","Any other Black background",66500,"2","01 Jan 2022 to 01 Apr 2022","<10",4.759,-1.837,11.355
"19cat","death28d","Any other ethnic group",66500,"2","01 Jan 2022 to 01 Apr 2022","<10",6.293,2.182,10.405
"19cat","death28d","Any other Mixed background",66500,"2","01 Jan 2022 to 01 Apr 2022","<10",7.945,-3.066,18.957
"19cat","death28d","Any other White background",66500,"2","01 Jan 2022 to 01 Apr 2022","40",3.331,0.991,8.51
"19cat","death28d","Arab",66500,"2","01 Jan 2022 to 01 Apr 2022","<10",109.774,-105.383,324.932
"19cat","death28d","Bangladeshi",66500,"2","01 Jan 2022 to 01 Apr 2022","<10",7.991,-1.052,17.033
"19cat","death28d","British",66500,"2","01 Jan 2022 to 01 Apr 2022","650",3.354,3.097,3.612
"19cat","death28d","Caribbean",66500,"2","01 Jan 2022 to 01 Apr 2022","10",4.188,1.439,9.787
"19cat","death28d","Chinese",66500,"2","01 Jan 2022 to 01 Apr 2022","<10",3.627,-3.482,10.736
"19cat","death28d","Gypsy or Irish Traveller",66500,"2","01 Jan 2022 to 01 Apr 2022","0",0,NA,NA
"19cat","death28d","Indian",66500,"2","01 Jan 2022 to 01 Apr 2022","15",4.592,1.663,10.373
"19cat","death28d","Irish",66500,"2","01 Jan 2022 to 01 Apr 2022","<10",3.503,0.908,6.099
"19cat","death28d","Pakistani",66500,"2","01 Jan 2022 to 01 Apr 2022","10",8.342,4.001,15.553
"19cat","death28d","Unknown/Not stated",66500,"2","01 Jan 2022 to 01 Apr 2022","15",2.384,0.553,7.035
"19cat","death28d","White and Asian",66500,"2","01 Jan 2022 to 01 Apr 2022","<10",19.603,-18.818,58.024
"19cat","death28d","White and Black African",66500,"2","01 Jan 2022 to 01 Apr 2022","<10",0.901,-0.865,2.667
"19cat","death28d","White and Black Caribbean",66500,"2","01 Jan 2022 to 01 Apr 2022","<10",3.816,-3.664,11.297
"19cat","death28d","African",66500,"2","01 Jul 2020 to 31 Dec 2020","85",47.557,35.438,62.567
"19cat","death28d","Any other Asian background",66500,"2","01 Jul 2020 to 31 Dec 2020","120",49.307,40.448,58.166
"19cat","death28d","Any other Black background",66500,"2","01 Jul 2020 to 31 Dec 2020","40",100.155,81.953,121.249
"19cat","death28d","Any other ethnic group",66500,"2","01 Jul 2020 to 31 Dec 2020","80",41.876,30.586,56.055
"19cat","death28d","Any other Mixed background",66500,"2","01 Jul 2020 to 31 Dec 2020","25",45.569,33.734,60.294
"19cat","death28d","Any other White background",66500,"2","01 Jul 2020 to 31 Dec 2020","565",31.655,29.045,34.265
"19cat","death28d","Arab",66500,"2","01 Jul 2020 to 31 Dec 2020","<10",22.819,-3.003,48.64
"19cat","death28d","Bangladeshi",66500,"2","01 Jul 2020 to 31 Dec 2020","120",68.928,56.491,81.364
"19cat","death28d","British",66500,"2","01 Jul 2020 to 31 Dec 2020","11120",40.433,39.682,41.185
"19cat","death28d","Caribbean",66500,"2","01 Jul 2020 to 31 Dec 2020","125",45.823,37.79,53.857
"19cat","death28d","Chinese",66500,"2","01 Jul 2020 to 31 Dec 2020","30",75.873,60.209,94.43
"19cat","death28d","Gypsy or Irish Traveller",66500,"2","01 Jul 2020 to 31 Dec 2020","<10",29.404,-28.228,87.035
"19cat","death28d","Indian",66500,"2","01 Jul 2020 to 31 Dec 2020","290",41.873,37.046,46.701
"19cat","death28d","Irish",66500,"2","01 Jul 2020 to 31 Dec 2020","140",39.417,32.864,45.97
"19cat","death28d","Pakistani",66500,"2","01 Jul 2020 to 31 Dec 2020","305",52.199,46.321,58.076
"19cat","death28d","Unknown/Not stated",66500,"2","01 Jul 2020 to 31 Dec 2020","270",30.522,26.888,34.156
"19cat","death28d","White and Asian",66500,"2","01 Jul 2020 to 31 Dec 2020","10",38.72,27.915,52.414
"19cat","death28d","White and Black African",66500,"2","01 Jul 2020 to 31 Dec 2020","10",39.876,28.891,53.75
"19cat","death28d","White and Black Caribbean",66500,"2","01 Jul 2020 to 31 Dec 2020","15",41.932,30.633,56.12
"19cat","death28d","African",66500,"2","01 Jul 2021 to 31 Dec 2021","85",29.608,20.326,41.778
"19cat","death28d","Any other Asian background",66500,"2","01 Jul 2021 to 31 Dec 2021","40",14.602,8.465,23.619
"19cat","death28d","Any other Black background",66500,"2","01 Jul 2021 to 31 Dec 2021","20",16.256,9.712,25.682
"19cat","death28d","Any other ethnic group",66500,"2","01 Jul 2021 to 31 Dec 2021","45",19.166,11.951,29.265
"19cat","death28d","Any other Mixed background",66500,"2","01 Jul 2021 to 31 Dec 2021","20",30.599,21.14,42.944
"19cat","death28d","Any other White background",66500,"2","01 Jul 2021 to 31 Dec 2021","350",13.552,12.136,14.968
"19cat","death28d","Arab",66500,"2","01 Jul 2021 to 31 Dec 2021","<10",Inf,NA,Inf
"19cat","death28d","Bangladeshi",66500,"2","01 Jul 2021 to 31 Dec 2021","50",35.588,25.284,48.781
"19cat","death28d","British",66500,"2","01 Jul 2021 to 31 Dec 2021","4060",11.542,11.187,11.897
"19cat","death28d","Caribbean",66500,"2","01 Jul 2021 to 31 Dec 2021","135",23.591,19.641,27.542
"19cat","death28d","Chinese",66500,"2","01 Jul 2021 to 31 Dec 2021","15",25.66,17.109,37.098
"19cat","death28d","Gypsy or Irish Traveller",66500,"2","01 Jul 2021 to 31 Dec 2021","<10",1.213,-1.165,3.591
"19cat","death28d","Indian",66500,"2","01 Jul 2021 to 31 Dec 2021","110",15.241,12.366,18.115
"19cat","death28d","Irish",66500,"2","01 Jul 2021 to 31 Dec 2021","55",12.605,6.992,21.097
"19cat","death28d","Pakistani",66500,"2","01 Jul 2021 to 31 Dec 2021","135",31.218,25.912,36.524
"19cat","death28d","Unknown/Not stated",66500,"2","01 Jul 2021 to 31 Dec 2021","160",13.081,11.054,15.108
"19cat","death28d","White and Asian",66500,"2","01 Jul 2021 to 31 Dec 2021","<10",36.734,4.535,68.933
"19cat","death28d","White and Black African",66500,"2","01 Jul 2021 to 31 Dec 2021","<10",13.638,0.273,27.003
"19cat","death28d","White and Black Caribbean",66500,"2","01 Jul 2021 to 31 Dec 2021","35",45.443,33.626,60.15
"19cat","death28d","African",66500,"2","23 Jan 2020 to 30 Jun 2020","115",135.124,110.639,159.609
"19cat","death28d","Any other Asian background",66500,"2","23 Jan 2020 to 30 Jun 2020","85",99.708,81.55,120.759
"19cat","death28d","Any other Black background",66500,"2","23 Jan 2020 to 30 Jun 2020","50",205.759,179.068,235.343
"19cat","death28d","Any other ethnic group",66500,"2","23 Jan 2020 to 30 Jun 2020","135",160.729,133.815,187.644
"19cat","death28d","Any other Mixed background",66500,"2","23 Jan 2020 to 30 Jun 2020","20",93.721,76.158,114.176
"19cat","death28d","Any other White background",66500,"2","23 Jan 2020 to 30 Jun 2020","395",69.475,62.615,76.335
"19cat","death28d","Arab",66500,"2","23 Jan 2020 to 30 Jun 2020","<10",375.404,97.301,653.508
"19cat","death28d","Bangladeshi",66500,"2","23 Jan 2020 to 30 Jun 2020","60",264.532,234.081,297.877
"19cat","death28d","British",66500,"2","23 Jan 2020 to 30 Jun 2020","9355",106.452,104.295,108.609
"19cat","death28d","Caribbean",66500,"2","23 Jan 2020 to 30 Jun 2020","190",134.836,115.713,153.958
"19cat","death28d","Chinese",66500,"2","23 Jan 2020 to 30 Jun 2020","25",151.557,128.847,177.159
"19cat","death28d","Gypsy or Irish Traveller",66500,"2","23 Jan 2020 to 30 Jun 2020","<10",49.006,-47.046,145.059
"19cat","death28d","Indian",66500,"2","23 Jan 2020 to 30 Jun 2020","295",152.384,135.053,169.715
"19cat","death28d","Irish",66500,"2","23 Jan 2020 to 30 Jun 2020","95",82.933,66.493,102.264
"19cat","death28d","Pakistani",66500,"2","23 Jan 2020 to 30 Jun 2020","180",163.882,139.874,187.891
"19cat","death28d","Unknown/Not stated",66500,"2","23 Jan 2020 to 30 Jun 2020","245",79.421,69.456,89.387
"19cat","death28d","White and Asian",66500,"2","23 Jan 2020 to 30 Jun 2020","15",184.622,159.413,212.725
"19cat","death28d","White and Black African",66500,"2","23 Jan 2020 to 30 Jun 2020","15",144.746,122.584,169.8
"19cat","death28d","White and Black Caribbean",66500,"2","23 Jan 2020 to 30 Jun 2020","60",279.876,248.513,314.131
"19cat","death90d","African",66500,"1","01 Jan 2021 to 30 Jun 2021","230",51.397,44.754,58.039
"19cat","death90d","Any other Asian background",66500,"1","01 Jan 2021 to 30 Jun 2021","265",40.085,35.268,44.902
"19cat","death90d","Any other Black background",66500,"1","01 Jan 2021 to 30 Jun 2021","65",43.463,31.936,57.88
"19cat","death90d","Any other ethnic group",66500,"1","01 Jan 2021 to 30 Jun 2021","170",39.172,33.266,45.078
"19cat","death90d","Any other Mixed background",66500,"1","01 Jan 2021 to 30 Jun 2021","45",43.464,31.937,57.881
"19cat","death90d","Any other White background",66500,"1","01 Jan 2021 to 30 Jun 2021","850",27.919,26.04,29.799
"19cat","death90d","Arab",66500,"1","01 Jan 2021 to 30 Jun 2021","<10",15.53,4.025,27.035
"19cat","death90d","Bangladeshi",66500,"1","01 Jan 2021 to 30 Jun 2021","185",56.11,48.003,64.218
"19cat","death90d","British",66500,"1","01 Jan 2021 to 30 Jun 2021","12530",31.224,30.678,31.771
"19cat","death90d","Caribbean",66500,"1","01 Jan 2021 to 30 Jun 2021","295",40.609,35.967,45.251
"19cat","death90d","Chinese",66500,"1","01 Jan 2021 to 30 Jun 2021","55",71.434,56.275,89.484
"19cat","death90d","Gypsy or Irish Traveller",66500,"1","01 Jan 2021 to 30 Jun 2021","<10",4.426,-4.249,13.102
"19cat","death90d","Indian",66500,"1","01 Jan 2021 to 30 Jun 2021","545",32.274,29.567,34.982
"19cat","death90d","Irish",66500,"1","01 Jan 2021 to 30 Jun 2021","140",24.564,20.524,28.605
"19cat","death90d","Pakistani",66500,"1","01 Jan 2021 to 30 Jun 2021","450",34.886,31.666,38.106
"19cat","death90d","Unknown/Not stated",66500,"1","01 Jan 2021 to 30 Jun 2021","425",29.362,26.564,32.161
"19cat","death90d","White and Asian",66500,"1","01 Jan 2021 to 30 Jun 2021","25",41.676,30.416,55.825
"19cat","death90d","White and Black African",66500,"1","01 Jan 2021 to 30 Jun 2021","20",41.295,30.093,55.386
"19cat","death90d","White and Black Caribbean",66500,"1","01 Jan 2021 to 30 Jun 2021","40",32.238,22.495,44.869
"19cat","death90d","African",66500,"1","01 Jan 2022 to 01 Apr 2022","<10",3.07,0.943,5.198
"19cat","death90d","Any other Asian background",66500,"1","01 Jan 2022 to 01 Apr 2022","10",3.034,0.847,8.056
"19cat","death90d","Any other Black background",66500,"1","01 Jan 2022 to 01 Apr 2022","<10",5.219,1.043,9.396
"19cat","death90d","Any other ethnic group",66500,"1","01 Jan 2022 to 01 Apr 2022","<10",1.047,0.021,2.072
"19cat","death90d","Any other Mixed background",66500,"1","01 Jan 2022 to 01 Apr 2022","<10",1.218,-1.169,3.604
"19cat","death90d","Any other White background",66500,"1","01 Jan 2022 to 01 Apr 2022","60",2.225,0.487,6.779
"19cat","death90d","Arab",66500,"1","01 Jan 2022 to 01 Apr 2022","<10",8.101,-7.777,23.98
"19cat","death90d","Bangladeshi",66500,"1","01 Jan 2022 to 01 Apr 2022","<10",5.176,1.034,9.317
"19cat","death90d","British",66500,"1","01 Jan 2022 to 01 Apr 2022","785",1.904,1.771,2.038
"19cat","death90d","Caribbean",66500,"1","01 Jan 2022 to 01 Apr 2022","15",3.151,0.903,8.235
"19cat","death90d","Chinese",66500,"1","01 Jan 2022 to 01 Apr 2022","<10",4.392,0.088,8.695
"19cat","death90d","Gypsy or Irish Traveller",66500,"1","01 Jan 2022 to 01 Apr 2022","<10",1.632,-1.567,4.831
"19cat","death90d","Indian",66500,"1","01 Jan 2022 to 01 Apr 2022","25",3.401,1.026,8.615
"19cat","death90d","Irish",66500,"1","01 Jan 2022 to 01 Apr 2022","<10",1.755,0.539,2.97
"19cat","death90d","Pakistani",66500,"1","01 Jan 2022 to 01 Apr 2022","20",4.923,1.852,10.85
"19cat","death90d","Unknown/Not stated",66500,"1","01 Jan 2022 to 01 Apr 2022","30",1.862,0.347,6.181
"19cat","death90d","White and Asian",66500,"1","01 Jan 2022 to 01 Apr 2022","<10",1.813,-1.74,5.365
"19cat","death90d","White and Black African",66500,"1","01 Jan 2022 to 01 Apr 2022","<10",3.368,-1.3,8.036
"19cat","death90d","White and Black Caribbean",66500,"1","01 Jan 2022 to 01 Apr 2022","<10",4.107,0.082,8.132
"19cat","death90d","African",66500,"1","01 Jul 2020 to 31 Dec 2020","140",35.219,29.426,41.012
"19cat","death90d","Any other Asian background",66500,"1","01 Jul 2020 to 31 Dec 2020","235",31.558,27.506,35.61
"19cat","death90d","Any other Black background",66500,"1","01 Jul 2020 to 31 Dec 2020","60",37.202,26.637,50.656
"19cat","death90d","Any other ethnic group",66500,"1","01 Jul 2020 to 31 Dec 2020","155",30.722,25.87,35.574
"19cat","death90d","Any other Mixed background",66500,"1","01 Jul 2020 to 31 Dec 2020","30",26.57,17.846,38.181
"19cat","death90d","Any other White background",66500,"1","01 Jul 2020 to 31 Dec 2020","915",26.234,24.535,27.933
"19cat","death90d","Arab",66500,"1","01 Jul 2020 to 31 Dec 2020","<10",44.182,15.316,73.047
"19cat","death90d","Bangladeshi",66500,"1","01 Jul 2020 to 31 Dec 2020","220",53.824,46.744,60.905
"19cat","death90d","British",66500,"1","01 Jul 2020 to 31 Dec 2020","16205",30.094,29.63,30.557
"19cat","death90d","Caribbean",66500,"1","01 Jul 2020 to 31 Dec 2020","240",39.203,34.222,44.184
"19cat","death90d","Chinese",66500,"1","01 Jul 2020 to 31 Dec 2020","30",44.832,33.103,59.449
"19cat","death90d","Gypsy or Irish Traveller",66500,"1","01 Jul 2020 to 31 Dec 2020","<10",51.779,6.393,97.166
"19cat","death90d","Indian",66500,"1","01 Jul 2020 to 31 Dec 2020","560",30.515,27.989,33.04
"19cat","death90d","Irish",66500,"1","01 Jul 2020 to 31 Dec 2020","195",28.726,24.715,32.738
"19cat","death90d","Pakistani",66500,"1","01 Jul 2020 to 31 Dec 2020","595",35.592,32.728,38.457
"19cat","death90d","Unknown/Not stated",66500,"1","01 Jul 2020 to 31 Dec 2020","385",22.964,20.676,25.252
"19cat","death90d","White and Asian",66500,"1","01 Jul 2020 to 31 Dec 2020","25",32.418,22.644,45.08
"19cat","death90d","White and Black African",66500,"1","01 Jul 2020 to 31 Dec 2020","15",37.835,27.169,51.389
"19cat","death90d","White and Black Caribbean",66500,"1","01 Jul 2020 to 31 Dec 2020","50",58.119,44.579,74.55
"19cat","death90d","African",66500,"1","01 Jul 2021 to 31 Dec 2021","80",8.988,4.437,16.412
"19cat","death90d","Any other Asian background",66500,"1","01 Jul 2021 to 31 Dec 2021","90",8.705,4.245,16.036
"19cat","death90d","Any other Black background",66500,"1","01 Jul 2021 to 31 Dec 2021","45",16.906,10.207,26.487
"19cat","death90d","Any other ethnic group",66500,"1","01 Jul 2021 to 31 Dec 2021","85",11.32,6.064,19.451
"19cat","death90d","Any other Mixed background",66500,"1","01 Jul 2021 to 31 Dec 2021","25",12.105,6.629,20.459
"19cat","death90d","Any other White background",66500,"1","01 Jul 2021 to 31 Dec 2021","515",7.489,6.842,8.137
"19cat","death90d","Arab",66500,"1","01 Jul 2021 to 31 Dec 2021","<10",275.219,-106.215,656.654
"19cat","death90d","Bangladeshi",66500,"1","01 Jul 2021 to 31 Dec 2021","75",18.807,11.672,28.826
"19cat","death90d","British",66500,"1","01 Jul 2021 to 31 Dec 2021","6695",7.502,7.323,7.682
"19cat","death90d","Caribbean",66500,"1","01 Jul 2021 to 31 Dec 2021","195",15.52,13.336,17.704
"19cat","death90d","Chinese",66500,"1","01 Jul 2021 to 31 Dec 2021","20",9.912,5.073,17.626
"19cat","death90d","Gypsy or Irish Traveller",66500,"1","01 Jul 2021 to 31 Dec 2021","<10",0.788,-0.756,2.332
"19cat","death90d","Indian",66500,"1","01 Jul 2021 to 31 Dec 2021","195",8.303,7.135,9.472
"19cat","death90d","Irish",66500,"1","01 Jul 2021 to 31 Dec 2021","80",6.71,2.937,13.349
"19cat","death90d","Pakistani",66500,"1","01 Jul 2021 to 31 Dec 2021","220",17.306,15.025,19.588
"19cat","death90d","Unknown/Not stated",66500,"1","01 Jul 2021 to 31 Dec 2021","230",7.38,6.43,8.329
"19cat","death90d","White and Asian",66500,"1","01 Jul 2021 to 31 Dec 2021","10",15.847,9.402,25.174
"19cat","death90d","White and Black African",66500,"1","01 Jul 2021 to 31 Dec 2021","<10",5.262,1.616,8.908
"19cat","death90d","White and Black Caribbean",66500,"1","01 Jul 2021 to 31 Dec 2021","30",10.965,5.812,18.994
"19cat","death90d","African",66500,"1","23 Jan 2020 to 30 Jun 2020","290",90.518,80.1,100.936
"19cat","death90d","Any other Asian background",66500,"1","23 Jan 2020 to 30 Jun 2020","200",70.544,60.791,80.296
"19cat","death90d","Any other Black background",66500,"1","23 Jan 2020 to 30 Jun 2020","100",145.585,117.192,173.978
"19cat","death90d","Any other ethnic group",66500,"1","23 Jan 2020 to 30 Jun 2020","240",103.913,90.766,117.06
"19cat","death90d","Any other Mixed background",66500,"1","23 Jan 2020 to 30 Jun 2020","25",50.256,37.76,65.643
"19cat","death90d","Any other White background",66500,"1","23 Jan 2020 to 30 Jun 2020","650",54.625,50.423,58.828
"19cat","death90d","Arab",66500,"1","23 Jan 2020 to 30 Jun 2020","<10",37.07,4.577,69.563
"19cat","death90d","Bangladeshi",66500,"1","23 Jan 2020 to 30 Jun 2020","120",193.385,158.784,227.986
"19cat","death90d","British",66500,"1","23 Jan 2020 to 30 Jun 2020","13605",74.013,72.77,75.257
"19cat","death90d","Caribbean",66500,"1","23 Jan 2020 to 30 Jun 2020","395",101.972,91.928,112.015
"19cat","death90d","Chinese",66500,"1","23 Jan 2020 to 30 Jun 2020","55",146.487,124.184,171.683
"19cat","death90d","Gypsy or Irish Traveller",66500,"1","23 Jan 2020 to 30 Jun 2020","<10",645.669,223.832,1067.506
"19cat","death90d","Indian",66500,"1","23 Jan 2020 to 30 Jun 2020","550",90.97,83.367,98.572
"19cat","death90d","Irish",66500,"1","23 Jan 2020 to 30 Jun 2020","190",70.087,60.121,80.053
"19cat","death90d","Pakistani",66500,"1","23 Jan 2020 to 30 Jun 2020","305",92.294,81.902,102.687
"19cat","death90d","Unknown/Not stated",66500,"1","23 Jan 2020 to 30 Jun 2020","430",75.929,68.752,83.106
"19cat","death90d","White and Asian",66500,"1","23 Jan 2020 to 30 Jun 2020","30",115.754,96.083,138.319
"19cat","death90d","White and Black African",66500,"1","23 Jan 2020 to 30 Jun 2020","25",85.326,68.631,104.912
"19cat","death90d","White and Black Caribbean",66500,"1","23 Jan 2020 to 30 Jun 2020","90",174.605,150.127,201.975
"19cat","death90d","African",66500,"2","01 Jan 2021 to 30 Jun 2021","130",22.08,18.27,25.891
"19cat","death90d","Any other Asian background",66500,"2","01 Jan 2021 to 30 Jun 2021","160",20.418,17.234,23.601
"19cat","death90d","Any other Black background",66500,"2","01 Jan 2021 to 30 Jun 2021","35",15.259,8.958,24.441
"19cat","death90d","Any other ethnic group",66500,"2","01 Jan 2021 to 30 Jun 2021","115",19.196,15.718,22.674
"19cat","death90d","Any other Mixed background",66500,"2","01 Jan 2021 to 30 Jun 2021","25",14.932,8.713,24.033
"19cat","death90d","Any other White background",66500,"2","01 Jan 2021 to 30 Jun 2021","795",14.999,13.957,16.042
"19cat","death90d","Arab",66500,"2","01 Jan 2021 to 30 Jun 2021","<10",25.639,3.165,48.113
"19cat","death90d","Bangladeshi",66500,"2","01 Jan 2021 to 30 Jun 2021","130",29.372,24.304,34.441
"19cat","death90d","British",66500,"2","01 Jan 2021 to 30 Jun 2021","11570",17.591,17.27,17.912
"19cat","death90d","Caribbean",66500,"2","01 Jan 2021 to 30 Jun 2021","230",20.492,17.85,23.135
"19cat","death90d","Chinese",66500,"2","01 Jan 2021 to 30 Jun 2021","30",27.147,18.314,38.866
"19cat","death90d","Gypsy or Irish Traveller",66500,"2","01 Jan 2021 to 30 Jun 2021","<10",27.869,5.569,50.169
"19cat","death90d","Indian",66500,"2","01 Jan 2021 to 30 Jun 2021","360",20.067,17.997,22.137
"19cat","death90d","Irish",66500,"2","01 Jan 2021 to 30 Jun 2021","150",15.383,12.905,17.861
"19cat","death90d","Pakistani",66500,"2","01 Jan 2021 to 30 Jun 2021","275",18.991,16.754,21.227
"19cat","death90d","Unknown/Not stated",66500,"2","01 Jan 2021 to 30 Jun 2021","410",17.869,16.142,19.597
"19cat","death90d","White and Asian",66500,"2","01 Jan 2021 to 30 Jun 2021","15",20.304,12.841,30.652
"19cat","death90d","White and Black African",66500,"2","01 Jan 2021 to 30 Jun 2021","15",102.131,83.737,123.418
"19cat","death90d","White and Black Caribbean",66500,"2","01 Jan 2021 to 30 Jun 2021","40",28.191,19.165,40.103
"19cat","death90d","African",66500,"2","01 Jan 2022 to 01 Apr 2022","<10",0.684,0.014,1.355
"19cat","death90d","Any other Asian background",66500,"2","01 Jan 2022 to 01 Apr 2022","<10",1.8,0.553,3.047
"19cat","death90d","Any other Black background",66500,"2","01 Jan 2022 to 01 Apr 2022","<10",1.535,-0.592,3.662
"19cat","death90d","Any other ethnic group",66500,"2","01 Jan 2022 to 01 Apr 2022","<10",2.024,0.702,3.346
"19cat","death90d","Any other Mixed background",66500,"2","01 Jan 2022 to 01 Apr 2022","<10",2.519,-0.972,6.01
"19cat","death90d","Any other White background",66500,"2","01 Jan 2022 to 01 Apr 2022","40",1.061,0.104,4.775
"19cat","death90d","Arab",66500,"2","01 Jan 2022 to 01 Apr 2022","<10",109.774,-105.383,324.932
"19cat","death90d","Bangladeshi",66500,"2","01 Jan 2022 to 01 Apr 2022","<10",2.579,-0.339,5.497
"19cat","death90d","British",66500,"2","01 Jan 2022 to 01 Apr 2022","650",1.075,0.993,1.158
"19cat","death90d","Caribbean",66500,"2","01 Jan 2022 to 01 Apr 2022","10",1.339,0.176,5.28
"19cat","death90d","Chinese",66500,"2","01 Jan 2022 to 01 Apr 2022","<10",1.139,-1.093,3.371
"19cat","death90d","Gypsy or Irish Traveller",66500,"2","01 Jan 2022 to 01 Apr 2022","0",0,NA,NA
"19cat","death90d","Indian",66500,"2","01 Jan 2022 to 01 Apr 2022","15",1.465,0.214,5.502
"19cat","death90d","Irish",66500,"2","01 Jan 2022 to 01 Apr 2022","<10",1.13,0.293,1.967
"19cat","death90d","Pakistani",66500,"2","01 Jan 2022 to 01 Apr 2022","10",2.693,0.688,7.526
"19cat","death90d","Unknown/Not stated",66500,"2","01 Jan 2022 to 01 Apr 2022","15",0.76,0.045,4.201
"19cat","death90d","White and Asian",66500,"2","01 Jan 2022 to 01 Apr 2022","<10",6.099,-5.855,18.052
"19cat","death90d","White and Black African",66500,"2","01 Jan 2022 to 01 Apr 2022","<10",0.281,-0.269,0.831
"19cat","death90d","White and Black Caribbean",66500,"2","01 Jan 2022 to 01 Apr 2022","<10",1.195,-1.147,3.536
"19cat","death90d","African",66500,"2","01 Jul 2020 to 31 Dec 2020","105",18.889,15.276,22.502
"19cat","death90d","Any other Asian background",66500,"2","01 Jul 2020 to 31 Dec 2020","140",18.461,15.381,21.541
"19cat","death90d","Any other Black background",66500,"2","01 Jul 2020 to 31 Dec 2020","45",42.628,31.225,56.92
"19cat","death90d","Any other ethnic group",66500,"2","01 Jul 2020 to 31 Dec 2020","100",16.653,10.014,26.174
"19cat","death90d","Any other Mixed background",66500,"2","01 Jul 2020 to 31 Dec 2020","30",18.606,11.516,28.579
"19cat","death90d","Any other White background",66500,"2","01 Jul 2020 to 31 Dec 2020","730",13.513,12.533,14.493
"19cat","death90d","Arab",66500,"2","01 Jul 2020 to 31 Dec 2020","<10",8.429,-1.109,17.967
"19cat","death90d","Bangladeshi",66500,"2","01 Jul 2020 to 31 Dec 2020","135",24.681,20.502,28.86
"19cat","death90d","British",66500,"2","01 Jul 2020 to 31 Dec 2020","13755",16.775,16.495,17.056
"19cat","death90d","Caribbean",66500,"2","01 Jul 2020 to 31 Dec 2020","155",19.138,16.116,22.161
"19cat","death90d","Chinese",66500,"2","01 Jul 2020 to 31 Dec 2020","35",34.261,24.176,47.234
"19cat","death90d","Gypsy or Irish Traveller",66500,"2","01 Jul 2020 to 31 Dec 2020","<10",10.146,-3.916,24.208
"19cat","death90d","Indian",66500,"2","01 Jul 2020 to 31 Dec 2020","340",15.934,14.236,17.633
"19cat","death90d","Irish",66500,"2","01 Jul 2020 to 31 Dec 2020","175",16.538,14.081,18.996
"19cat","death90d","Pakistani",66500,"2","01 Jul 2020 to 31 Dec 2020","350",19.252,17.23,21.275
"19cat","death90d","Unknown/Not stated",66500,"2","01 Jul 2020 to 31 Dec 2020","345",12.908,11.548,14.269
"19cat","death90d","White and Asian",66500,"2","01 Jul 2020 to 31 Dec 2020","15",15.536,9.166,24.786
"19cat","death90d","White and Black African",66500,"2","01 Jul 2020 to 31 Dec 2020","10",16.375,9.802,25.829
"19cat","death90d","White and Black Caribbean",66500,"2","01 Jul 2020 to 31 Dec 2020","25",20.106,12.685,30.411
"19cat","death90d","African",66500,"2","01 Jul 2021 to 31 Dec 2021","95",10.414,5.423,18.28
"19cat","death90d","Any other Asian background",66500,"2","01 Jul 2021 to 31 Dec 2021","45",4.986,1.889,10.94
"19cat","death90d","Any other Black background",66500,"2","01 Jul 2021 to 31 Dec 2021","25",5.653,2.283,11.883
"19cat","death90d","Any other ethnic group",66500,"2","01 Jul 2021 to 31 Dec 2021","55",7.856,3.678,14.903
"19cat","death90d","Any other Mixed background",66500,"2","01 Jul 2021 to 31 Dec 2021","20",10.945,5.798,18.967
"19cat","death90d","Any other White background",66500,"2","01 Jul 2021 to 31 Dec 2021","400",4.927,4.444,5.411
"19cat","death90d","Arab",66500,"2","01 Jul 2021 to 31 Dec 2021","<10",Inf,NA,Inf
"19cat","death90d","Bangladeshi",66500,"2","01 Jul 2021 to 31 Dec 2021","60",12.904,7.21,21.477
"19cat","death90d","British",66500,"2","01 Jul 2021 to 31 Dec 2021","4740",4.344,4.221,4.468
"19cat","death90d","Caribbean",66500,"2","01 Jul 2021 to 31 Dec 2021","155",8.279,6.967,9.591
"19cat","death90d","Chinese",66500,"2","01 Jul 2021 to 31 Dec 2021","20",12.119,6.639,20.477
"19cat","death90d","Gypsy or Irish Traveller",66500,"2","01 Jul 2021 to 31 Dec 2021","<10",0.378,-0.363,1.118
"19cat","death90d","Indian",66500,"2","01 Jul 2021 to 31 Dec 2021","125",5.463,4.497,6.428
"19cat","death90d","Irish",66500,"2","01 Jul 2021 to 31 Dec 2021","60",4.46,1.589,10.183
"19cat","death90d","Pakistani",66500,"2","01 Jul 2021 to 31 Dec 2021","160",11.587,9.786,13.388
"19cat","death90d","Unknown/Not stated",66500,"2","01 Jul 2021 to 31 Dec 2021","190",4.985,4.276,5.694
"19cat","death90d","White and Asian",66500,"2","01 Jul 2021 to 31 Dec 2021","<10",14.8,2.958,26.643
"19cat","death90d","White and Black African",66500,"2","01 Jul 2021 to 31 Dec 2021","<10",7.036,1.406,12.667
"19cat","death90d","White and Black Caribbean",66500,"2","01 Jul 2021 to 31 Dec 2021","35",14.995,8.759,24.111
"19cat","death90d","African",66500,"2","23 Jan 2020 to 30 Jun 2020","135",50.018,41.517,58.518
"19cat","death90d","Any other Asian background",66500,"2","23 Jan 2020 to 30 Jun 2020","90",36.014,25.641,49.276
"19cat","death90d","Any other Black background",66500,"2","23 Jan 2020 to 30 Jun 2020","60",74.911,59.354,93.359
"19cat","death90d","Any other ethnic group",66500,"2","23 Jan 2020 to 30 Jun 2020","155",62.196,52.34,72.051
"19cat","death90d","Any other Mixed background",66500,"2","23 Jan 2020 to 30 Jun 2020","25",38.744,27.935,52.442
"19cat","death90d","Any other White background",66500,"2","23 Jan 2020 to 30 Jun 2020","450",25.856,23.47,28.243
"19cat","death90d","Arab",66500,"2","23 Jan 2020 to 30 Jun 2020","<10",285.504,74,497.008
"19cat","death90d","Bangladeshi",66500,"2","23 Jan 2020 to 30 Jun 2020","60",95.866,78.087,116.536
"19cat","death90d","British",66500,"2","23 Jan 2020 to 30 Jun 2020","10660",40.939,40.162,41.716
"19cat","death90d","Caribbean",66500,"2","23 Jan 2020 to 30 Jun 2020","210",50.67,43.833,57.507
"19cat","death90d","Chinese",66500,"2","23 Jan 2020 to 30 Jun 2020","25",60.479,46.639,77.209
"19cat","death90d","Gypsy or Irish Traveller",66500,"2","23 Jan 2020 to 30 Jun 2020","<10",15.246,-14.637,45.129
"19cat","death90d","Indian",66500,"2","23 Jan 2020 to 30 Jun 2020","325",57.319,51.097,63.542
"19cat","death90d","Irish",66500,"2","23 Jan 2020 to 30 Jun 2020","115",30.298,24.736,35.86
"19cat","death90d","Pakistani",66500,"2","23 Jan 2020 to 30 Jun 2020","190",58.699,50.375,67.024
"19cat","death90d","Unknown/Not stated",66500,"2","23 Jan 2020 to 30 Jun 2020","280",30.238,26.69,33.787
"19cat","death90d","White and Asian",66500,"2","23 Jan 2020 to 30 Jun 2020","15",84.655,68.032,104.171
"19cat","death90d","White and Black African",66500,"2","23 Jan 2020 to 30 Jun 2020","15",71.476,56.312,89.531
"19cat","death90d","White and Black Caribbean",66500,"2","23 Jan 2020 to 30 Jun 2020","65",108.219,89.244,130.086
"19cat","post_covid_cvd_event_1y","African",66500,"1","01 Jan 2021 to 30 Jun 2021","370",13.241,11.892,14.59
"19cat","post_covid_cvd_event_1y","Any other Asian background",66500,"1","01 Jan 2021 to 30 Jun 2021","545",15.875,14.54,17.211
"19cat","post_covid_cvd_event_1y","Any other Black background",66500,"1","01 Jan 2021 to 30 Jun 2021","115",14.614,11.943,17.284
"19cat","post_covid_cvd_event_1y","Any other ethnic group",66500,"1","01 Jan 2021 to 30 Jun 2021","360",18.695,16.761,20.629
"19cat","post_covid_cvd_event_1y","Any other Mixed background",66500,"1","01 Jan 2021 to 30 Jun 2021","95",21.188,13.536,31.724
"19cat","post_covid_cvd_event_1y","Any other White background",66500,"1","01 Jan 2021 to 30 Jun 2021","1920",17.453,16.672,18.233
"19cat","post_covid_cvd_event_1y","Arab",66500,"1","01 Jan 2021 to 30 Jun 2021","45",22.341,14.449,33.118
"19cat","post_covid_cvd_event_1y","Bangladeshi",66500,"1","01 Jan 2021 to 30 Jun 2021","380",24.964,22.454,27.474
"19cat","post_covid_cvd_event_1y","British",66500,"1","01 Jan 2021 to 30 Jun 2021","21140",16.775,16.549,17.001
"19cat","post_covid_cvd_event_1y","Caribbean",66500,"1","01 Jan 2021 to 30 Jun 2021","375",16.046,14.422,17.67
"19cat","post_covid_cvd_event_1y","Chinese",66500,"1","01 Jan 2021 to 30 Jun 2021","45",26.312,17.636,37.874
"19cat","post_covid_cvd_event_1y","Gypsy or Irish Traveller",66500,"1","01 Jan 2021 to 30 Jun 2021","15",16.058,9.561,25.436
"19cat","post_covid_cvd_event_1y","Indian",66500,"1","01 Jan 2021 to 30 Jun 2021","1025",15.202,14.272,16.132
"19cat","post_covid_cvd_event_1y","Irish",66500,"1","01 Jan 2021 to 30 Jun 2021","295",17.694,15.674,19.713
"19cat","post_covid_cvd_event_1y","Pakistani",66500,"1","01 Jan 2021 to 30 Jun 2021","1110",21.919,20.63,23.209
"19cat","post_covid_cvd_event_1y","Unknown/Not stated",66500,"1","01 Jan 2021 to 30 Jun 2021","725",14.476,13.421,15.53
"19cat","post_covid_cvd_event_1y","White and Asian",66500,"1","01 Jan 2021 to 30 Jun 2021","45",17.837,10.922,27.635
"19cat","post_covid_cvd_event_1y","White and Black African",66500,"1","01 Jan 2021 to 30 Jun 2021","40",12.765,7.108,21.3
"19cat","post_covid_cvd_event_1y","White and Black Caribbean",66500,"1","01 Jan 2021 to 30 Jun 2021","50",11.257,6.02,19.371
"19cat","post_covid_cvd_event_1y","African",66500,"1","01 Jan 2022 to 01 Apr 2022","135",18.082,15.02,21.143
"19cat","post_covid_cvd_event_1y","Any other Asian background",66500,"1","01 Jan 2022 to 01 Apr 2022","135",10.018,8.334,11.701
"19cat","post_covid_cvd_event_1y","Any other Black background",66500,"1","01 Jan 2022 to 01 Apr 2022","45",14.184,8.154,23.094
"19cat","post_covid_cvd_event_1y","Any other ethnic group",66500,"1","01 Jan 2022 to 01 Apr 2022","115",15.749,12.845,18.652
"19cat","post_covid_cvd_event_1y","Any other Mixed background",66500,"1","01 Jan 2022 to 01 Apr 2022","25",10.396,5.411,18.256
"19cat","post_covid_cvd_event_1y","Any other White background",66500,"1","01 Jan 2022 to 01 Apr 2022","855",13.634,12.72,14.547
"19cat","post_covid_cvd_event_1y","Arab",66500,"1","01 Jan 2022 to 01 Apr 2022","10",23.725,15.553,34.783
"19cat","post_covid_cvd_event_1y","Bangladeshi",66500,"1","01 Jan 2022 to 01 Apr 2022","85",22.613,14.665,33.445
"19cat","post_covid_cvd_event_1y","British",66500,"1","01 Jan 2022 to 01 Apr 2022","10655",12.457,12.22,12.693
"19cat","post_covid_cvd_event_1y","Caribbean",66500,"1","01 Jan 2022 to 01 Apr 2022","115",14.731,12.061,17.4
"19cat","post_covid_cvd_event_1y","Chinese",66500,"1","01 Jan 2022 to 01 Apr 2022","15",6.247,2.646,12.71
"19cat","post_covid_cvd_event_1y","Gypsy or Irish Traveller",66500,"1","01 Jan 2022 to 01 Apr 2022","<10",9.947,2.578,17.316
"19cat","post_covid_cvd_event_1y","Indian",66500,"1","01 Jan 2022 to 01 Apr 2022","300",12.659,11.227,14.092
"19cat","post_covid_cvd_event_1y","Irish",66500,"1","01 Jan 2022 to 01 Apr 2022","110",12.292,9.984,14.599
"19cat","post_covid_cvd_event_1y","Pakistani",66500,"1","01 Jan 2022 to 01 Apr 2022","260",20.881,18.338,23.424
"19cat","post_covid_cvd_event_1y","Unknown/Not stated",66500,"1","01 Jan 2022 to 01 Apr 2022","310",9.925,8.818,11.032
"19cat","post_covid_cvd_event_1y","White and Asian",66500,"1","01 Jan 2022 to 01 Apr 2022","25",28.127,19.113,40.028
"19cat","post_covid_cvd_event_1y","White and Black African",66500,"1","01 Jan 2022 to 01 Apr 2022","20",78.442,62.491,97.284
"19cat","post_covid_cvd_event_1y","White and Black Caribbean",66500,"1","01 Jan 2022 to 01 Apr 2022","20",12.256,6.738,20.652
"19cat","post_covid_cvd_event_1y","African",66500,"1","01 Jul 2020 to 31 Dec 2020","320",13.824,12.314,15.334
"19cat","post_covid_cvd_event_1y","Any other Asian background",66500,"1","01 Jul 2020 to 31 Dec 2020","535",16.456,15.064,17.847
"19cat","post_covid_cvd_event_1y","Any other Black background",66500,"1","01 Jul 2020 to 31 Dec 2020","95",12.501,6.916,20.964
"19cat","post_covid_cvd_event_1y","Any other ethnic group",66500,"1","01 Jul 2020 to 31 Dec 2020","380",16.586,14.916,18.256
"19cat","post_covid_cvd_event_1y","Any other Mixed background",66500,"1","01 Jul 2020 to 31 Dec 2020","105",15.8,12.792,18.807
"19cat","post_covid_cvd_event_1y","Any other White background",66500,"1","01 Jul 2020 to 31 Dec 2020","1975",16.557,15.827,17.287
"19cat","post_covid_cvd_event_1y","Arab",66500,"1","01 Jul 2020 to 31 Dec 2020","40",11.767,6.385,20.026
"19cat","post_covid_cvd_event_1y","Bangladeshi",66500,"1","01 Jul 2020 to 31 Dec 2020","450",23.418,21.259,25.577
"19cat","post_covid_cvd_event_1y","British",66500,"1","01 Jul 2020 to 31 Dec 2020","26975",16.483,16.286,16.68
"19cat","post_covid_cvd_event_1y","Caribbean",66500,"1","01 Jul 2020 to 31 Dec 2020","265",13.993,12.305,15.681
"19cat","post_covid_cvd_event_1y","Chinese",66500,"1","01 Jul 2020 to 31 Dec 2020","40",15.259,8.958,24.441
"19cat","post_covid_cvd_event_1y","Gypsy or Irish Traveller",66500,"1","01 Jul 2020 to 31 Dec 2020","10",44.143,32.516,58.66
"19cat","post_covid_cvd_event_1y","Indian",66500,"1","01 Jul 2020 to 31 Dec 2020","1180",15.359,14.483,16.234
"19cat","post_covid_cvd_event_1y","Irish",66500,"1","01 Jul 2020 to 31 Dec 2020","345",17.697,15.832,19.561
"19cat","post_covid_cvd_event_1y","Pakistani",66500,"1","01 Jul 2020 to 31 Dec 2020","1430",21.016,19.926,22.106
"19cat","post_covid_cvd_event_1y","Unknown/Not stated",66500,"1","01 Jul 2020 to 31 Dec 2020","785",12.645,11.761,13.53
"19cat","post_covid_cvd_event_1y","White and Asian",66500,"1","01 Jul 2020 to 31 Dec 2020","50",16.246,9.704,25.669
"19cat","post_covid_cvd_event_1y","White and Black African",66500,"1","01 Jul 2020 to 31 Dec 2020","35",42.274,30.924,56.513
"19cat","post_covid_cvd_event_1y","White and Black Caribbean",66500,"1","01 Jul 2020 to 31 Dec 2020","50",15.954,9.482,25.306
"19cat","post_covid_cvd_event_1y","African",66500,"1","01 Jul 2021 to 31 Dec 2021","325",11.826,10.537,13.116
"19cat","post_covid_cvd_event_1y","Any other Asian background",66500,"1","01 Jul 2021 to 31 Dec 2021","460",12.661,11.505,13.817
"19cat","post_covid_cvd_event_1y","Any other Black background",66500,"1","01 Jul 2021 to 31 Dec 2021","140",11.534,9.616,13.451
"19cat","post_covid_cvd_event_1y","Any other ethnic group",66500,"1","01 Jul 2021 to 31 Dec 2021","375",16.262,14.616,17.907
"19cat","post_covid_cvd_event_1y","Any other Mixed background",66500,"1","01 Jul 2021 to 31 Dec 2021","100",13.086,10.521,15.651
"19cat","post_covid_cvd_event_1y","Any other White background",66500,"1","01 Jul 2021 to 31 Dec 2021","2650",12.469,11.994,12.943
"19cat","post_covid_cvd_event_1y","Arab",66500,"1","01 Jul 2021 to 31 Dec 2021","35",14.151,8.129,23.053
"19cat","post_covid_cvd_event_1y","Bangladeshi",66500,"1","01 Jul 2021 to 31 Dec 2021","280",22.807,20.126,25.488
"19cat","post_covid_cvd_event_1y","British",66500,"1","01 Jul 2021 to 31 Dec 2021","34645",12.176,12.048,12.304
"19cat","post_covid_cvd_event_1y","Caribbean",66500,"1","01 Jul 2021 to 31 Dec 2021","410",13.293,12.009,14.576
"19cat","post_covid_cvd_event_1y","Chinese",66500,"1","01 Jul 2021 to 31 Dec 2021","55",11.491,6.187,19.672
"19cat","post_covid_cvd_event_1y","Gypsy or Irish Traveller",66500,"1","01 Jul 2021 to 31 Dec 2021","15",8.452,4.075,15.7
"19cat","post_covid_cvd_event_1y","Indian",66500,"1","01 Jul 2021 to 31 Dec 2021","1005",12.543,11.767,13.319
"19cat","post_covid_cvd_event_1y","Irish",66500,"1","01 Jul 2021 to 31 Dec 2021","405",14.34,12.947,15.734
"19cat","post_covid_cvd_event_1y","Pakistani",66500,"1","01 Jul 2021 to 31 Dec 2021","755",18.067,16.777,19.358
"19cat","post_covid_cvd_event_1y","Unknown/Not stated",66500,"1","01 Jul 2021 to 31 Dec 2021","1105",10.791,10.155,11.428
"19cat","post_covid_cvd_event_1y","White and Asian",66500,"1","01 Jul 2021 to 31 Dec 2021","50",9.346,4.681,16.883
"19cat","post_covid_cvd_event_1y","White and Black African",66500,"1","01 Jul 2021 to 31 Dec 2021","35",9.418,4.731,16.978
"19cat","post_covid_cvd_event_1y","White and Black Caribbean",66500,"1","01 Jul 2021 to 31 Dec 2021","80",11.067,5.885,19.126
"19cat","post_covid_cvd_event_1y","African",66500,"1","23 Jan 2020 to 30 Jun 2020","210",18.955,16.397,21.512
"19cat","post_covid_cvd_event_1y","Any other Asian background",66500,"1","23 Jan 2020 to 30 Jun 2020","245",23.814,20.82,26.808
"19cat","post_covid_cvd_event_1y","Any other Black background",66500,"1","23 Jan 2020 to 30 Jun 2020","55",23.901,15.694,34.994
"19cat","post_covid_cvd_event_1y","Any other ethnic group",66500,"1","23 Jan 2020 to 30 Jun 2020","165",28.5,24.138,32.862
"19cat","post_covid_cvd_event_1y","Any other Mixed background",66500,"1","23 Jan 2020 to 30 Jun 2020","30",20.699,13.151,31.131
"19cat","post_covid_cvd_event_1y","Any other White background",66500,"1","23 Jan 2020 to 30 Jun 2020","760",25.198,23.407,26.988
"19cat","post_covid_cvd_event_1y","Arab",66500,"1","23 Jan 2020 to 30 Jun 2020","15",32.714,22.889,45.426
"19cat","post_covid_cvd_event_1y","Bangladeshi",66500,"1","23 Jan 2020 to 30 Jun 2020","75",45.379,33.571,60.077
"19cat","post_covid_cvd_event_1y","British",66500,"1","23 Jan 2020 to 30 Jun 2020","10065",24.396,23.92,24.873
"19cat","post_covid_cvd_event_1y","Caribbean",66500,"1","23 Jan 2020 to 30 Jun 2020","235",25.29,22.043,28.537
"19cat","post_covid_cvd_event_1y","Chinese",66500,"1","23 Jan 2020 to 30 Jun 2020","25",26.729,17.975,38.37
"19cat","post_covid_cvd_event_1y","Gypsy or Irish Traveller",66500,"1","23 Jan 2020 to 30 Jun 2020","<10",28.459,8.738,48.18
"19cat","post_covid_cvd_event_1y","Indian",66500,"1","23 Jan 2020 to 30 Jun 2020","430",23.595,21.365,25.825
"19cat","post_covid_cvd_event_1y","Irish",66500,"1","23 Jan 2020 to 30 Jun 2020","180",29.27,25.017,33.522
"19cat","post_covid_cvd_event_1y","Pakistani",66500,"1","23 Jan 2020 to 30 Jun 2020","310",29.825,26.511,33.14
"19cat","post_covid_cvd_event_1y","Unknown/Not stated",66500,"1","23 Jan 2020 to 30 Jun 2020","305",20.841,18.494,23.188
"19cat","post_covid_cvd_event_1y","White and Asian",66500,"1","23 Jan 2020 to 30 Jun 2020","20",40.238,29.198,54.168
"19cat","post_covid_cvd_event_1y","White and Black African",66500,"1","23 Jan 2020 to 30 Jun 2020","25",64.813,50.438,82.079
"19cat","post_covid_cvd_event_1y","White and Black Caribbean",66500,"1","23 Jan 2020 to 30 Jun 2020","25",21.372,13.681,31.947
"19cat","post_covid_cvd_event_1y","African",66500,"2","01 Jan 2021 to 30 Jun 2021","260",7.161,6.289,8.033
"19cat","post_covid_cvd_event_1y","Any other Asian background",66500,"2","01 Jan 2021 to 30 Jun 2021","310",8.733,7.758,9.708
"19cat","post_covid_cvd_event_1y","Any other Black background",66500,"2","01 Jan 2021 to 30 Jun 2021","90",8.739,4.268,16.081
"19cat","post_covid_cvd_event_1y","Any other ethnic group",66500,"2","01 Jan 2021 to 30 Jun 2021","200",8.284,7.133,9.435
"19cat","post_covid_cvd_event_1y","Any other Mixed background",66500,"2","01 Jan 2021 to 30 Jun 2021","50",8.733,4.264,16.074
"19cat","post_covid_cvd_event_1y","Any other White background",66500,"2","01 Jan 2021 to 30 Jun 2021","1425",8.036,7.618,8.453
"19cat","post_covid_cvd_event_1y","Arab",66500,"2","01 Jan 2021 to 30 Jun 2021","20",23.788,15.603,34.859
"19cat","post_covid_cvd_event_1y","Bangladeshi",66500,"2","01 Jan 2021 to 30 Jun 2021","195",9.937,8.549,11.324
"19cat","post_covid_cvd_event_1y","British",66500,"2","01 Jan 2021 to 30 Jun 2021","16925",8.471,8.343,8.598
"19cat","post_covid_cvd_event_1y","Caribbean",66500,"2","01 Jan 2021 to 30 Jun 2021","370",10.177,9.141,11.212
"19cat","post_covid_cvd_event_1y","Chinese",66500,"2","01 Jan 2021 to 30 Jun 2021","30",6.276,2.665,12.751
"19cat","post_covid_cvd_event_1y","Gypsy or Irish Traveller",66500,"2","01 Jan 2021 to 30 Jun 2021","10",99.097,80.999,120.087
"19cat","post_covid_cvd_event_1y","Indian",66500,"2","01 Jan 2021 to 30 Jun 2021","580",8.25,7.58,8.92
"19cat","post_covid_cvd_event_1y","Irish",66500,"2","01 Jan 2021 to 30 Jun 2021","230",8.713,7.582,9.844
"19cat","post_covid_cvd_event_1y","Pakistani",66500,"2","01 Jan 2021 to 30 Jun 2021","655",11.07,10.221,11.919
"19cat","post_covid_cvd_event_1y","Unknown/Not stated",66500,"2","01 Jan 2021 to 30 Jun 2021","545",7.193,6.588,7.798
"19cat","post_covid_cvd_event_1y","White and Asian",66500,"2","01 Jan 2021 to 30 Jun 2021","30",9.18,4.568,16.664
"19cat","post_covid_cvd_event_1y","White and Black African",66500,"2","01 Jan 2021 to 30 Jun 2021","35",14.352,8.279,23.305
"19cat","post_covid_cvd_event_1y","White and Black Caribbean",66500,"2","01 Jan 2021 to 30 Jun 2021","55",8.744,4.271,16.088
"19cat","post_covid_cvd_event_1y","African",66500,"2","01 Jan 2022 to 01 Apr 2022","95",8.472,4.088,15.726
"19cat","post_covid_cvd_event_1y","Any other Asian background",66500,"2","01 Jan 2022 to 01 Apr 2022","105",7.442,6.018,8.865
"19cat","post_covid_cvd_event_1y","Any other Black background",66500,"2","01 Jan 2022 to 01 Apr 2022","20",8.614,4.184,15.916
"19cat","post_covid_cvd_event_1y","Any other ethnic group",66500,"2","01 Jan 2022 to 01 Apr 2022","85",9.572,4.837,17.181
"19cat","post_covid_cvd_event_1y","Any other Mixed background",66500,"2","01 Jan 2022 to 01 Apr 2022","15",5.806,2.375,12.097
"19cat","post_covid_cvd_event_1y","Any other White background",66500,"2","01 Jan 2022 to 01 Apr 2022","595",7.171,6.594,7.747
"19cat","post_covid_cvd_event_1y","Arab",66500,"2","01 Jan 2022 to 01 Apr 2022","<10",2751.346,339.685,5163.007
"19cat","post_covid_cvd_event_1y","Bangladeshi",66500,"2","01 Jan 2022 to 01 Apr 2022","45",14.013,8.027,22.878
"19cat","post_covid_cvd_event_1y","British",66500,"2","01 Jan 2022 to 01 Apr 2022","7175",6.475,6.326,6.625
"19cat","post_covid_cvd_event_1y","Caribbean",66500,"2","01 Jan 2022 to 01 Apr 2022","125",10.11,8.352,11.868
"19cat","post_covid_cvd_event_1y","Chinese",66500,"2","01 Jan 2022 to 01 Apr 2022","<10",1.588,0.196,2.981
"19cat","post_covid_cvd_event_1y","Gypsy or Irish Traveller",66500,"2","01 Jan 2022 to 01 Apr 2022","<10",3.033,0.061,6.005
"19cat","post_covid_cvd_event_1y","Indian",66500,"2","01 Jan 2022 to 01 Apr 2022","180",6.806,5.811,7.8
"19cat","post_covid_cvd_event_1y","Irish",66500,"2","01 Jan 2022 to 01 Apr 2022","85",7.345,3.344,14.214
"19cat","post_covid_cvd_event_1y","Pakistani",66500,"2","01 Jan 2022 to 01 Apr 2022","140",11.089,9.245,12.932
"19cat","post_covid_cvd_event_1y","Unknown/Not stated",66500,"2","01 Jan 2022 to 01 Apr 2022","215",5.575,4.83,6.32
"19cat","post_covid_cvd_event_1y","White and Asian",66500,"2","01 Jan 2022 to 01 Apr 2022","<10",551.578,169.354,933.802
"19cat","post_covid_cvd_event_1y","White and Black African",66500,"2","01 Jan 2022 to 01 Apr 2022","10",10.735,5.65,18.697
"19cat","post_covid_cvd_event_1y","White and Black Caribbean",66500,"2","01 Jan 2022 to 01 Apr 2022","20",6.097,2.553,12.502
"19cat","post_covid_cvd_event_1y","African",66500,"2","01 Jul 2020 to 31 Dec 2020","245",8.384,7.338,9.429
"19cat","post_covid_cvd_event_1y","Any other Asian background",66500,"2","01 Jul 2020 to 31 Dec 2020","320",8.567,7.625,9.509
"19cat","post_covid_cvd_event_1y","Any other Black background",66500,"2","01 Jul 2020 to 31 Dec 2020","60",11.437,6.148,19.602
"19cat","post_covid_cvd_event_1y","Any other ethnic group",66500,"2","01 Jul 2020 to 31 Dec 2020","220",8.953,7.772,10.133
"19cat","post_covid_cvd_event_1y","Any other Mixed background",66500,"2","01 Jul 2020 to 31 Dec 2020","60",10.229,5.294,18.039
"19cat","post_covid_cvd_event_1y","Any other White background",66500,"2","01 Jul 2020 to 31 Dec 2020","1465",8.252,7.83,8.674
"19cat","post_covid_cvd_event_1y","Arab",66500,"2","01 Jul 2020 to 31 Dec 2020","15",11.245,6.012,19.356
"19cat","post_covid_cvd_event_1y","Bangladeshi",66500,"2","01 Jul 2020 to 31 Dec 2020","235",9.114,7.944,10.285
"19cat","post_covid_cvd_event_1y","British",66500,"2","01 Jul 2020 to 31 Dec 2020","20755",8.393,8.279,8.508
"19cat","post_covid_cvd_event_1y","Caribbean",66500,"2","01 Jul 2020 to 31 Dec 2020","260",9.882,8.685,11.079
"19cat","post_covid_cvd_event_1y","Chinese",66500,"2","01 Jul 2020 to 31 Dec 2020","35",7.381,3.367,14.262
"19cat","post_covid_cvd_event_1y","Gypsy or Irish Traveller",66500,"2","01 Jul 2020 to 31 Dec 2020","10",364.238,328.261,403.108
"19cat","post_covid_cvd_event_1y","Indian",66500,"2","01 Jul 2020 to 31 Dec 2020","720",8.27,7.665,8.874
"19cat","post_covid_cvd_event_1y","Irish",66500,"2","01 Jul 2020 to 31 Dec 2020","270",9.224,8.126,10.323
"19cat","post_covid_cvd_event_1y","Pakistani",66500,"2","01 Jul 2020 to 31 Dec 2020","890",10.455,9.767,11.142
"19cat","post_covid_cvd_event_1y","Unknown/Not stated",66500,"2","01 Jul 2020 to 31 Dec 2020","615",6.866,6.322,7.409
"19cat","post_covid_cvd_event_1y","White and Asian",66500,"2","01 Jul 2020 to 31 Dec 2020","35",8.299,3.972,15.497
"19cat","post_covid_cvd_event_1y","White and Black African",66500,"2","01 Jul 2020 to 31 Dec 2020","30",6.237,2.641,12.697
"19cat","post_covid_cvd_event_1y","White and Black Caribbean",66500,"2","01 Jul 2020 to 31 Dec 2020","55",13.455,7.615,22.175
"19cat","post_covid_cvd_event_1y","African",66500,"2","01 Jul 2021 to 31 Dec 2021","265",7.304,6.421,8.187
"19cat","post_covid_cvd_event_1y","Any other Asian background",66500,"2","01 Jul 2021 to 31 Dec 2021","265",7.265,6.387,8.143
"19cat","post_covid_cvd_event_1y","Any other Black background",66500,"2","01 Jul 2021 to 31 Dec 2021","90",6.878,3.044,13.578
"19cat","post_covid_cvd_event_1y","Any other ethnic group",66500,"2","01 Jul 2021 to 31 Dec 2021","205",7.404,6.393,8.415
"19cat","post_covid_cvd_event_1y","Any other Mixed background",66500,"2","01 Jul 2021 to 31 Dec 2021","65",6.194,2.613,12.637
"19cat","post_covid_cvd_event_1y","Any other White background",66500,"2","01 Jul 2021 to 31 Dec 2021","1695",6.966,6.634,7.297
"19cat","post_covid_cvd_event_1y","Arab",66500,"2","01 Jul 2021 to 31 Dec 2021","20",14.09,8.084,22.976
"19cat","post_covid_cvd_event_1y","Bangladeshi",66500,"2","01 Jul 2021 to 31 Dec 2021","120",7.729,6.341,9.118
"19cat","post_covid_cvd_event_1y","British",66500,"2","01 Jul 2021 to 31 Dec 2021","21120",6.524,6.436,6.612
"19cat","post_covid_cvd_event_1y","Caribbean",66500,"2","01 Jul 2021 to 31 Dec 2021","400",8.402,7.577,9.228
"19cat","post_covid_cvd_event_1y","Chinese",66500,"2","01 Jul 2021 to 31 Dec 2021","35",4.999,1.896,10.958
"19cat","post_covid_cvd_event_1y","Gypsy or Irish Traveller",66500,"2","01 Jul 2021 to 31 Dec 2021","15",4.123,1.403,9.691
"19cat","post_covid_cvd_event_1y","Indian",66500,"2","01 Jul 2021 to 31 Dec 2021","530",6.758,6.183,7.333
"19cat","post_covid_cvd_event_1y","Irish",66500,"2","01 Jul 2021 to 31 Dec 2021","255",7.701,6.752,8.65
"19cat","post_covid_cvd_event_1y","Pakistani",66500,"2","01 Jul 2021 to 31 Dec 2021","485",11.23,10.231,12.228
"19cat","post_covid_cvd_event_1y","Unknown/Not stated",66500,"2","01 Jul 2021 to 31 Dec 2021","665",5.662,5.232,6.093
"19cat","post_covid_cvd_event_1y","White and Asian",66500,"2","01 Jul 2021 to 31 Dec 2021","35",7.199,3.25,14.016
"19cat","post_covid_cvd_event_1y","White and Black African",66500,"2","01 Jul 2021 to 31 Dec 2021","30",6.549,2.835,13.127
"19cat","post_covid_cvd_event_1y","White and Black Caribbean",66500,"2","01 Jul 2021 to 31 Dec 2021","60",8.703,4.244,16.034
"19cat","post_covid_cvd_event_1y","African",66500,"2","23 Jan 2020 to 30 Jun 2020","125",11.559,9.541,13.577
"19cat","post_covid_cvd_event_1y","Any other Asian background",66500,"2","23 Jan 2020 to 30 Jun 2020","125",13.034,10.767,15.301
"19cat","post_covid_cvd_event_1y","Any other Black background",66500,"2","23 Jan 2020 to 30 Jun 2020","30",15.85,9.404,25.178
"19cat","post_covid_cvd_event_1y","Any other ethnic group",66500,"2","23 Jan 2020 to 30 Jun 2020","95",13.839,7.898,22.66
"19cat","post_covid_cvd_event_1y","Any other Mixed background",66500,"2","23 Jan 2020 to 30 Jun 2020","25",16.884,10.191,26.46
"19cat","post_covid_cvd_event_1y","Any other White background",66500,"2","23 Jan 2020 to 30 Jun 2020","580",12.281,11.28,13.282
"19cat","post_covid_cvd_event_1y","Arab",66500,"2","23 Jan 2020 to 30 Jun 2020","<10",840.305,167.921,1512.689
"19cat","post_covid_cvd_event_1y","Bangladeshi",66500,"2","23 Jan 2020 to 30 Jun 2020","45",20.503,12.997,30.894
"19cat","post_covid_cvd_event_1y","British",66500,"2","23 Jan 2020 to 30 Jun 2020","8390",12.119,11.859,12.378
"19cat","post_covid_cvd_event_1y","Caribbean",66500,"2","23 Jan 2020 to 30 Jun 2020","195",16.196,13.911,18.48
"19cat","post_covid_cvd_event_1y","Chinese",66500,"2","23 Jan 2020 to 30 Jun 2020","10",7.16,3.224,13.963
"19cat","post_covid_cvd_event_1y","Gypsy or Irish Traveller",66500,"2","23 Jan 2020 to 30 Jun 2020","<10",30.026,-3.952,64.003
"19cat","post_covid_cvd_event_1y","Indian",66500,"2","23 Jan 2020 to 30 Jun 2020","250",14.103,12.355,15.851
"19cat","post_covid_cvd_event_1y","Irish",66500,"2","23 Jan 2020 to 30 Jun 2020","110",11.737,9.563,13.91
"19cat","post_covid_cvd_event_1y","Pakistani",66500,"2","23 Jan 2020 to 30 Jun 2020","200",18.707,16.108,21.306
"19cat","post_covid_cvd_event_1y","Unknown/Not stated",66500,"2","23 Jan 2020 to 30 Jun 2020","245",9.475,8.289,10.661
"19cat","post_covid_cvd_event_1y","White and Asian",66500,"2","23 Jan 2020 to 30 Jun 2020","15",10.715,5.635,18.671
"19cat","post_covid_cvd_event_1y","White and Black African",66500,"2","23 Jan 2020 to 30 Jun 2020","20",16.839,10.156,26.404
"19cat","post_covid_cvd_event_1y","White and Black Caribbean",66500,"2","23 Jan 2020 to 30 Jun 2020","40",21.114,13.478,31.635
"19cat","post_covid_cvd_event_30d","African",66500,"1","01 Jan 2021 to 30 Jun 2021","145",65.977,55.238,76.716
"19cat","post_covid_cvd_event_30d","Any other Asian background",66500,"1","01 Jan 2021 to 30 Jun 2021","255",82.026,71.978,92.075
"19cat","post_covid_cvd_event_30d","Any other Black background",66500,"1","01 Jan 2021 to 30 Jun 2021","55",68.89,54.027,86.643
"19cat","post_covid_cvd_event_30d","Any other ethnic group",66500,"1","01 Jan 2021 to 30 Jun 2021","155",83.304,70.189,96.418
"19cat","post_covid_cvd_event_30d","Any other Mixed background",66500,"1","01 Jan 2021 to 30 Jun 2021","35",82.248,65.883,101.506
"19cat","post_covid_cvd_event_30d","Any other White background",66500,"1","01 Jan 2021 to 30 Jun 2021","760",68.182,63.331,73.033
"19cat","post_covid_cvd_event_30d","Arab",66500,"1","01 Jan 2021 to 30 Jun 2021","15",86.446,69.633,106.151
"19cat","post_covid_cvd_event_30d","Bangladeshi",66500,"1","01 Jan 2021 to 30 Jun 2021","170",110.139,93.484,126.794
"19cat","post_covid_cvd_event_30d","British",66500,"1","01 Jan 2021 to 30 Jun 2021","8525",62.031,60.714,63.348
"19cat","post_covid_cvd_event_30d","Caribbean",66500,"1","01 Jan 2021 to 30 Jun 2021","185",77.457,66.355,88.558
"19cat","post_covid_cvd_event_30d","Chinese",66500,"1","01 Jan 2021 to 30 Jun 2021","30",85.368,68.669,104.959
"19cat","post_covid_cvd_event_30d","Gypsy or Irish Traveller",66500,"1","01 Jan 2021 to 30 Jun 2021","<10",108.654,21.713,195.595
"19cat","post_covid_cvd_event_30d","Indian",66500,"1","01 Jan 2021 to 30 Jun 2021","450",69.625,63.178,76.072
"19cat","post_covid_cvd_event_30d","Irish",66500,"1","01 Jan 2021 to 30 Jun 2021","120",63.433,52.13,74.735
"19cat","post_covid_cvd_event_30d","Pakistani",66500,"1","01 Jan 2021 to 30 Jun 2021","490",102.087,93.066,111.108
"19cat","post_covid_cvd_event_30d","Unknown/Not stated",66500,"1","01 Jan 2021 to 30 Jun 2021","285",56.307,49.793,62.822
"19cat","post_covid_cvd_event_30d","White and Asian",66500,"1","01 Jan 2021 to 30 Jun 2021","15",58.316,44.751,74.773
"19cat","post_covid_cvd_event_30d","White and Black African",66500,"1","01 Jan 2021 to 30 Jun 2021","15",60.289,46.473,76.996
"19cat","post_covid_cvd_event_30d","White and Black Caribbean",66500,"1","01 Jan 2021 to 30 Jun 2021","25",44.797,33.074,59.41
"19cat","post_covid_cvd_event_30d","African",66500,"1","01 Jan 2022 to 01 Apr 2022","50",40.457,29.383,54.42
"19cat","post_covid_cvd_event_30d","Any other Asian background",66500,"1","01 Jan 2022 to 01 Apr 2022","50",19.794,12.441,30.031
"19cat","post_covid_cvd_event_30d","Any other Black background",66500,"1","01 Jan 2022 to 01 Apr 2022","20",32.387,22.618,45.044
"19cat","post_covid_cvd_event_30d","Any other ethnic group",66500,"1","01 Jan 2022 to 01 Apr 2022","40",32.163,22.433,44.781
"19cat","post_covid_cvd_event_30d","Any other Mixed background",66500,"1","01 Jan 2022 to 01 Apr 2022","<10",16.408,5.038,27.778
"19cat","post_covid_cvd_event_30d","Any other White background",66500,"1","01 Jan 2022 to 01 Apr 2022","340",29.315,26.199,32.431
"19cat","post_covid_cvd_event_30d","Arab",66500,"1","01 Jan 2022 to 01 Apr 2022","<10",100.368,20.057,180.68
"19cat","post_covid_cvd_event_30d","Bangladeshi",66500,"1","01 Jan 2022 to 01 Apr 2022","30",44.863,33.131,59.486
"19cat","post_covid_cvd_event_30d","British",66500,"1","01 Jan 2022 to 01 Apr 2022","3795",23.636,22.884,24.388
"19cat","post_covid_cvd_event_30d","Caribbean",66500,"1","01 Jan 2022 to 01 Apr 2022","60",40.998,29.841,55.044
"19cat","post_covid_cvd_event_30d","Chinese",66500,"1","01 Jan 2022 to 01 Apr 2022","<10",11.852,0.237,23.467
"19cat","post_covid_cvd_event_30d","Gypsy or Irish Traveller",66500,"1","01 Jan 2022 to 01 Apr 2022","<10",14.673,-5.663,35.008
"19cat","post_covid_cvd_event_30d","Indian",66500,"1","01 Jan 2022 to 01 Apr 2022","105",24.567,19.912,29.221
"19cat","post_covid_cvd_event_30d","Irish",66500,"1","01 Jan 2022 to 01 Apr 2022","50",28.313,19.265,40.248
"19cat","post_covid_cvd_event_30d","Pakistani",66500,"1","01 Jan 2022 to 01 Apr 2022","125",55.248,45.524,64.973
"19cat","post_covid_cvd_event_30d","Unknown/Not stated",66500,"1","01 Jan 2022 to 01 Apr 2022","100",17.828,14.334,21.322
"19cat","post_covid_cvd_event_30d","White and Asian",66500,"1","01 Jan 2022 to 01 Apr 2022","15",58.505,44.916,74.986
"19cat","post_covid_cvd_event_30d","White and Black African",66500,"1","01 Jan 2022 to 01 Apr 2022","<10",96.846,25.102,168.591
"19cat","post_covid_cvd_event_30d","White and Black Caribbean",66500,"1","01 Jan 2022 to 01 Apr 2022","<10",40.399,12.404,68.393
"19cat","post_covid_cvd_event_30d","African",66500,"1","01 Jul 2020 to 31 Dec 2020","110",50.977,41.494,60.461
"19cat","post_covid_cvd_event_30d","Any other Asian background",66500,"1","01 Jul 2020 to 31 Dec 2020","230",76.567,66.628,86.506
"19cat","post_covid_cvd_event_30d","Any other Black background",66500,"1","01 Jul 2020 to 31 Dec 2020","30",41.14,29.962,55.208
"19cat","post_covid_cvd_event_30d","Any other ethnic group",66500,"1","01 Jul 2020 to 31 Dec 2020","150",65.402,54.901,75.904
"19cat","post_covid_cvd_event_30d","Any other Mixed background",66500,"1","01 Jul 2020 to 31 Dec 2020","35",65.647,51.171,83.014
"19cat","post_covid_cvd_event_30d","Any other White background",66500,"1","01 Jul 2020 to 31 Dec 2020","740",59.119,54.862,63.376
"19cat","post_covid_cvd_event_30d","Arab",66500,"1","01 Jul 2020 to 31 Dec 2020","20",66.951,52.319,84.475
"19cat","post_covid_cvd_event_30d","Bangladeshi",66500,"1","01 Jul 2020 to 31 Dec 2020","185",103.046,88.277,117.816
"19cat","post_covid_cvd_event_30d","British",66500,"1","01 Jul 2020 to 31 Dec 2020","9965",54.147,53.083,55.21
"19cat","post_covid_cvd_event_30d","Caribbean",66500,"1","01 Jul 2020 to 31 Dec 2020","115",59.777,48.945,70.609
"19cat","post_covid_cvd_event_30d","Chinese",66500,"1","01 Jul 2020 to 31 Dec 2020","25",81.163,64.915,100.303
"19cat","post_covid_cvd_event_30d","Gypsy or Irish Traveller",66500,"1","01 Jul 2020 to 31 Dec 2020","<10",60.538,1.211,119.864
"19cat","post_covid_cvd_event_30d","Indian",66500,"1","01 Jul 2020 to 31 Dec 2020","460",63.848,58.026,69.67
"19cat","post_covid_cvd_event_30d","Irish",66500,"1","01 Jul 2020 to 31 Dec 2020","140",63.279,52.871,73.687
"19cat","post_covid_cvd_event_30d","Pakistani",66500,"1","01 Jul 2020 to 31 Dec 2020","590",91.516,84.144,98.888
"19cat","post_covid_cvd_event_30d","Unknown/Not stated",66500,"1","01 Jul 2020 to 31 Dec 2020","255",40.816,35.826,45.806
"19cat","post_covid_cvd_event_30d","White and Asian",66500,"1","01 Jul 2020 to 31 Dec 2020","25",76.178,60.479,94.769
"19cat","post_covid_cvd_event_30d","White and Black African",66500,"1","01 Jul 2020 to 31 Dec 2020","10",46.185,34.261,60.999
"19cat","post_covid_cvd_event_30d","White and Black Caribbean",66500,"1","01 Jul 2020 to 31 Dec 2020","20",76.226,60.522,94.822
"19cat","post_covid_cvd_event_30d","African",66500,"1","01 Jul 2021 to 31 Dec 2021","110",30.055,24.463,35.646
"19cat","post_covid_cvd_event_30d","Any other Asian background",66500,"1","01 Jul 2021 to 31 Dec 2021","160",37.454,31.614,43.295
"19cat","post_covid_cvd_event_30d","Any other Black background",66500,"1","01 Jul 2021 to 31 Dec 2021","55",31.394,21.796,43.879
"19cat","post_covid_cvd_event_30d","Any other ethnic group",66500,"1","01 Jul 2021 to 31 Dec 2021","140",46.291,38.595,53.986
"19cat","post_covid_cvd_event_30d","Any other Mixed background",66500,"1","01 Jul 2021 to 31 Dec 2021","30",29.76,20.45,41.956
"19cat","post_covid_cvd_event_30d","Any other White background",66500,"1","01 Jul 2021 to 31 Dec 2021","835",30.734,28.647,32.821
"19cat","post_covid_cvd_event_30d","Arab",66500,"1","01 Jul 2021 to 31 Dec 2021","15",39.576,28.638,53.404
"19cat","post_covid_cvd_event_30d","Bangladeshi",66500,"1","01 Jul 2021 to 31 Dec 2021","100",65.944,53.083,78.805
"19cat","post_covid_cvd_event_30d","British",66500,"1","01 Jul 2021 to 31 Dec 2021","10470",28.388,27.844,28.932
"19cat","post_covid_cvd_event_30d","Caribbean",66500,"1","01 Jul 2021 to 31 Dec 2021","195",45.702,39.254,52.15
"19cat","post_covid_cvd_event_30d","Chinese",66500,"1","01 Jul 2021 to 31 Dec 2021","25",34.785,24.613,47.845
"19cat","post_covid_cvd_event_30d","Gypsy or Irish Traveller",66500,"1","01 Jul 2021 to 31 Dec 2021","<10",6.961,-2.687,16.609
"19cat","post_covid_cvd_event_30d","Indian",66500,"1","01 Jul 2021 to 31 Dec 2021","335",36.146,32.27,40.023
"19cat","post_covid_cvd_event_30d","Irish",66500,"1","01 Jul 2021 to 31 Dec 2021","135",31.757,26.38,37.134
"19cat","post_covid_cvd_event_30d","Pakistani",66500,"1","01 Jul 2021 to 31 Dec 2021","330",65.513,58.455,72.57
"19cat","post_covid_cvd_event_30d","Unknown/Not stated",66500,"1","01 Jul 2021 to 31 Dec 2021","305",24.412,21.677,27.148
"19cat","post_covid_cvd_event_30d","White and Asian",66500,"1","01 Jul 2021 to 31 Dec 2021","20",30.003,20.65,42.243
"19cat","post_covid_cvd_event_30d","White and Black African",66500,"1","01 Jul 2021 to 31 Dec 2021","<10",14.551,4.468,24.634
"19cat","post_covid_cvd_event_30d","White and Black Caribbean",66500,"1","01 Jul 2021 to 31 Dec 2021","40",42.338,30.979,56.587
"19cat","post_covid_cvd_event_30d","African",66500,"1","23 Jan 2020 to 30 Jun 2020","80",72.629,57.332,90.817
"19cat","post_covid_cvd_event_30d","Any other Asian background",66500,"1","23 Jan 2020 to 30 Jun 2020","105",100.089,81.124,119.053
"19cat","post_covid_cvd_event_30d","Any other Black background",66500,"1","23 Jan 2020 to 30 Jun 2020","30",116.303,96.581,138.917
"19cat","post_covid_cvd_event_30d","Any other ethnic group",66500,"1","23 Jan 2020 to 30 Jun 2020","80",109.734,90.617,131.743
"19cat","post_covid_cvd_event_30d","Any other Mixed background",66500,"1","23 Jan 2020 to 30 Jun 2020","15",109.284,90.209,131.251
"19cat","post_covid_cvd_event_30d","Any other White background",66500,"1","23 Jan 2020 to 30 Jun 2020","285",85.705,75.79,95.621
"19cat","post_covid_cvd_event_30d","Arab",66500,"1","23 Jan 2020 to 30 Jun 2020","<10",198.005,60.795,335.215
"19cat","post_covid_cvd_event_30d","Bangladeshi",66500,"1","23 Jan 2020 to 30 Jun 2020","35",170.377,146.215,197.432
"19cat","post_covid_cvd_event_30d","British",66500,"1","23 Jan 2020 to 30 Jun 2020","4140",82.234,79.729,84.74
"19cat","post_covid_cvd_event_30d","Caribbean",66500,"1","23 Jan 2020 to 30 Jun 2020","100",94.803,76.314,113.292
"19cat","post_covid_cvd_event_30d","Chinese",66500,"1","23 Jan 2020 to 30 Jun 2020","15",133.638,112.398,157.771
"19cat","post_covid_cvd_event_30d","Gypsy or Irish Traveller",66500,"1","23 Jan 2020 to 30 Jun 2020","<10",119.154,-15.681,253.99
"19cat","post_covid_cvd_event_30d","Indian",66500,"1","23 Jan 2020 to 30 Jun 2020","205",96.027,82.882,109.173
"19cat","post_covid_cvd_event_30d","Irish",66500,"1","23 Jan 2020 to 30 Jun 2020","60",69.634,54.685,87.475
"19cat","post_covid_cvd_event_30d","Pakistani",66500,"1","23 Jan 2020 to 30 Jun 2020","155",129.366,108.867,149.865
"19cat","post_covid_cvd_event_30d","Unknown/Not stated",66500,"1","23 Jan 2020 to 30 Jun 2020","120",67.437,55.269,79.605
"19cat","post_covid_cvd_event_30d","White and Asian",66500,"1","23 Jan 2020 to 30 Jun 2020","10",129.348,108.474,153.114
"19cat","post_covid_cvd_event_30d","White and Black African",66500,"1","23 Jan 2020 to 30 Jun 2020","10",112.192,92.846,134.429
"19cat","post_covid_cvd_event_30d","White and Black Caribbean",66500,"1","23 Jan 2020 to 30 Jun 2020","15",107.284,88.397,129.064
"19cat","post_covid_cvd_event_30d","African",66500,"2","01 Jan 2021 to 30 Jun 2021","90",26.615,17.882,38.234
"19cat","post_covid_cvd_event_30d","Any other Asian background",66500,"2","01 Jan 2021 to 30 Jun 2021","105",34.223,27.677,40.769
"19cat","post_covid_cvd_event_30d","Any other Black background",66500,"2","01 Jan 2021 to 30 Jun 2021","30",31.621,21.984,44.146
"19cat","post_covid_cvd_event_30d","Any other ethnic group",66500,"2","01 Jan 2021 to 30 Jun 2021","70",31.408,21.808,43.895
"19cat","post_covid_cvd_event_30d","Any other Mixed background",66500,"2","01 Jan 2021 to 30 Jun 2021","15",24.281,15.998,35.45
"19cat","post_covid_cvd_event_30d","Any other White background",66500,"2","01 Jan 2021 to 30 Jun 2021","475",29.012,26.403,31.621
"19cat","post_covid_cvd_event_30d","Arab",66500,"2","01 Jan 2021 to 30 Jun 2021","<10",50.194,10.03,90.357
"19cat","post_covid_cvd_event_30d","Bangladeshi",66500,"2","01 Jan 2021 to 30 Jun 2021","80",47.09,35.036,62.033
"19cat","post_covid_cvd_event_30d","British",66500,"2","01 Jan 2021 to 30 Jun 2021","5865",29.563,28.806,30.32
"19cat","post_covid_cvd_event_30d","Caribbean",66500,"2","01 Jan 2021 to 30 Jun 2021","145",40.494,33.857,47.131
"19cat","post_covid_cvd_event_30d","Chinese",66500,"2","01 Jan 2021 to 30 Jun 2021","10",31.922,22.233,44.498
"19cat","post_covid_cvd_event_30d","Gypsy or Irish Traveller",66500,"2","01 Jan 2021 to 30 Jun 2021","<10",122.423,2.448,242.397
"19cat","post_covid_cvd_event_30d","Indian",66500,"2","01 Jan 2021 to 30 Jun 2021","230",36.836,32.065,41.607
"19cat","post_covid_cvd_event_30d","Irish",66500,"2","01 Jan 2021 to 30 Jun 2021","80",30.201,20.813,42.477
"19cat","post_covid_cvd_event_30d","Pakistani",66500,"2","01 Jan 2021 to 30 Jun 2021","220",42.056,36.486,47.627
"19cat","post_covid_cvd_event_30d","Unknown/Not stated",66500,"2","01 Jan 2021 to 30 Jun 2021","200",26.794,23.089,30.498
"19cat","post_covid_cvd_event_30d","White and Asian",66500,"2","01 Jan 2021 to 30 Jun 2021","10",42.232,30.889,56.465
"19cat","post_covid_cvd_event_30d","White and Black African",66500,"2","01 Jan 2021 to 30 Jun 2021","15",56.664,43.312,72.908
"19cat","post_covid_cvd_event_30d","White and Black Caribbean",66500,"2","01 Jan 2021 to 30 Jun 2021","20",30.329,20.919,42.627
"19cat","post_covid_cvd_event_30d","African",66500,"2","01 Jan 2022 to 01 Apr 2022","40",18.942,11.777,28.991
"19cat","post_covid_cvd_event_30d","Any other Asian background",66500,"2","01 Jan 2022 to 01 Apr 2022","35",13.98,8.003,22.838
"19cat","post_covid_cvd_event_30d","Any other Black background",66500,"2","01 Jan 2022 to 01 Apr 2022","10",31.535,21.913,44.045
"19cat","post_covid_cvd_event_30d","Any other ethnic group",66500,"2","01 Jan 2022 to 01 Apr 2022","35",23.279,15.196,34.247
"19cat","post_covid_cvd_event_30d","Any other Mixed background",66500,"2","01 Jan 2022 to 01 Apr 2022","10",21.927,14.121,32.619
"19cat","post_covid_cvd_event_30d","Any other White background",66500,"2","01 Jan 2022 to 01 Apr 2022","220",15.261,13.239,17.282
"19cat","post_covid_cvd_event_30d","Arab",66500,"2","01 Jan 2022 to 01 Apr 2022","<10",2761.878,-363.481,5887.237
"19cat","post_covid_cvd_event_30d","Bangladeshi",66500,"2","01 Jan 2022 to 01 Apr 2022","20",42.463,31.085,56.731
"19cat","post_covid_cvd_event_30d","British",66500,"2","01 Jan 2022 to 01 Apr 2022","2460",11.94,11.468,12.412
"19cat","post_covid_cvd_event_30d","Caribbean",66500,"2","01 Jan 2022 to 01 Apr 2022","65",27.072,18.254,38.778
"19cat","post_covid_cvd_event_30d","Chinese",66500,"2","01 Jan 2022 to 01 Apr 2022","<10",6.055,-2.337,14.446
"19cat","post_covid_cvd_event_30d","Gypsy or Irish Traveller",66500,"2","01 Jan 2022 to 01 Apr 2022","<10",6.948,-6.67,20.565
"19cat","post_covid_cvd_event_30d","Indian",66500,"2","01 Jan 2022 to 01 Apr 2022","65",15.637,9.243,24.912
"19cat","post_covid_cvd_event_30d","Irish",66500,"2","01 Jan 2022 to 01 Apr 2022","35",13.926,7.962,22.769
"19cat","post_covid_cvd_event_30d","Pakistani",66500,"2","01 Jan 2022 to 01 Apr 2022","55",21.098,13.465,31.616
"19cat","post_covid_cvd_event_30d","Unknown/Not stated",66500,"2","01 Jan 2022 to 01 Apr 2022","75",10.442,5.443,18.316
"19cat","post_covid_cvd_event_30d","White and Asian",66500,"2","01 Jan 2022 to 01 Apr 2022","<10",554.709,-73.003,1182.421
"19cat","post_covid_cvd_event_30d","White and Black African",66500,"2","01 Jan 2022 to 01 Apr 2022","<10",0.463,-0.444,1.369
"19cat","post_covid_cvd_event_30d","White and Black Caribbean",66500,"2","01 Jan 2022 to 01 Apr 2022","<10",9.005,2.334,15.676
"19cat","post_covid_cvd_event_30d","African",66500,"2","01 Jul 2020 to 31 Dec 2020","75",27.055,18.239,38.757
"19cat","post_covid_cvd_event_30d","Any other Asian background",66500,"2","01 Jul 2020 to 31 Dec 2020","105",29.887,24.115,35.658
"19cat","post_covid_cvd_event_30d","Any other Black background",66500,"2","01 Jul 2020 to 31 Dec 2020","25",53.435,40.508,69.253
"19cat","post_covid_cvd_event_30d","Any other ethnic group",66500,"2","01 Jul 2020 to 31 Dec 2020","80",34.788,24.616,47.849
"19cat","post_covid_cvd_event_30d","Any other Mixed background",66500,"2","01 Jul 2020 to 31 Dec 2020","20",36.134,25.741,49.415
"19cat","post_covid_cvd_event_30d","Any other White background",66500,"2","01 Jul 2020 to 31 Dec 2020","460",27.692,25.162,30.223
"19cat","post_covid_cvd_event_30d","Arab",66500,"2","01 Jul 2020 to 31 Dec 2020","<10",34.336,0.687,67.986
"19cat","post_covid_cvd_event_30d","Bangladeshi",66500,"2","01 Jul 2020 to 31 Dec 2020","80",35.828,25.485,49.059
"19cat","post_covid_cvd_event_30d","British",66500,"2","01 Jul 2020 to 31 Dec 2020","6555",26.221,25.586,26.855
"19cat","post_covid_cvd_event_30d","Caribbean",66500,"2","01 Jul 2020 to 31 Dec 2020","95",40.267,29.222,54.201
"19cat","post_covid_cvd_event_30d","Chinese",66500,"2","01 Jul 2020 to 31 Dec 2020","15",41.166,29.983,55.238
"19cat","post_covid_cvd_event_30d","Gypsy or Irish Traveller",66500,"2","01 Jul 2020 to 31 Dec 2020","<10",363.264,7.265,719.263
"19cat","post_covid_cvd_event_30d","Indian",66500,"2","01 Jul 2020 to 31 Dec 2020","250",31.579,27.672,35.485
"19cat","post_covid_cvd_event_30d","Irish",66500,"2","01 Jul 2020 to 31 Dec 2020","85",27.772,18.823,39.607
"19cat","post_covid_cvd_event_30d","Pakistani",66500,"2","01 Jul 2020 to 31 Dec 2020","280",41.042,36.226,45.857
"19cat","post_covid_cvd_event_30d","Unknown/Not stated",66500,"2","01 Jul 2020 to 31 Dec 2020","175",19.928,16.967,22.889
"19cat","post_covid_cvd_event_30d","White and Asian",66500,"2","01 Jul 2020 to 31 Dec 2020","15",37.441,26.838,50.933
"19cat","post_covid_cvd_event_30d","White and Black African",66500,"2","01 Jul 2020 to 31 Dec 2020","<10",9.287,1.856,16.718
"19cat","post_covid_cvd_event_30d","White and Black Caribbean",66500,"2","01 Jul 2020 to 31 Dec 2020","25",68.874,54.014,86.625
"19cat","post_covid_cvd_event_30d","African",66500,"2","01 Jul 2021 to 31 Dec 2021","90",21.504,13.786,32.107
"19cat","post_covid_cvd_event_30d","Any other Asian background",66500,"2","01 Jul 2021 to 31 Dec 2021","85",21.371,13.681,31.946
"19cat","post_covid_cvd_event_30d","Any other Black background",66500,"2","01 Jul 2021 to 31 Dec 2021","35",22.138,14.287,32.873
"19cat","post_covid_cvd_event_30d","Any other ethnic group",66500,"2","01 Jul 2021 to 31 Dec 2021","65",19.655,12.332,29.861
"19cat","post_covid_cvd_event_30d","Any other Mixed background",66500,"2","01 Jul 2021 to 31 Dec 2021","25",15.261,8.96,24.444
"19cat","post_covid_cvd_event_30d","Any other White background",66500,"2","01 Jul 2021 to 31 Dec 2021","535",17.4,15.925,18.874
"19cat","post_covid_cvd_event_30d","Arab",66500,"2","01 Jul 2021 to 31 Dec 2021","<10",40.822,14.152,67.493
"19cat","post_covid_cvd_event_30d","Bangladeshi",66500,"2","01 Jul 2021 to 31 Dec 2021","40",25.011,16.586,36.323
"19cat","post_covid_cvd_event_30d","British",66500,"2","01 Jul 2021 to 31 Dec 2021","6135",14.991,14.616,15.367
"19cat","post_covid_cvd_event_30d","Caribbean",66500,"2","01 Jul 2021 to 31 Dec 2021","150",23.674,19.886,27.463
"19cat","post_covid_cvd_event_30d","Chinese",66500,"2","01 Jul 2021 to 31 Dec 2021","15",14.721,8.554,23.768
"19cat","post_covid_cvd_event_30d","Gypsy or Irish Traveller",66500,"2","01 Jul 2021 to 31 Dec 2021","<10",9.309,1.149,17.468
"19cat","post_covid_cvd_event_30d","Indian",66500,"2","01 Jul 2021 to 31 Dec 2021","155",18.341,15.463,21.22
"19cat","post_covid_cvd_event_30d","Irish",66500,"2","01 Jul 2021 to 31 Dec 2021","80",17.324,10.528,27.004
"19cat","post_covid_cvd_event_30d","Pakistani",66500,"2","01 Jul 2021 to 31 Dec 2021","175",38.286,32.613,43.959
"19cat","post_covid_cvd_event_30d","Unknown/Not stated",66500,"2","01 Jul 2021 to 31 Dec 2021","190",13.144,11.28,15.008
"19cat","post_covid_cvd_event_30d","White and Asian",66500,"2","01 Jul 2021 to 31 Dec 2021","<10",10.367,2.687,18.046
"19cat","post_covid_cvd_event_30d","White and Black African",66500,"2","01 Jul 2021 to 31 Dec 2021","<10",25.115,5.019,45.211
"19cat","post_covid_cvd_event_30d","White and Black Caribbean",66500,"2","01 Jul 2021 to 31 Dec 2021","25",29.079,19.892,41.154
"19cat","post_covid_cvd_event_30d","African",66500,"2","23 Jan 2020 to 30 Jun 2020","55",50.915,38.328,66.392
"19cat","post_covid_cvd_event_30d","Any other Asian background",66500,"2","23 Jan 2020 to 30 Jun 2020","55",57.584,44.112,73.946
"19cat","post_covid_cvd_event_30d","Any other Black background",66500,"2","23 Jan 2020 to 30 Jun 2020","15",52.392,39.604,68.07
"19cat","post_covid_cvd_event_30d","Any other ethnic group",66500,"2","23 Jan 2020 to 30 Jun 2020","40",52.309,39.533,67.976
"19cat","post_covid_cvd_event_30d","Any other Mixed background",66500,"2","23 Jan 2020 to 30 Jun 2020","10",51.457,38.796,67.008
"19cat","post_covid_cvd_event_30d","Any other White background",66500,"2","23 Jan 2020 to 30 Jun 2020","165",33.137,28.066,38.209
"19cat","post_covid_cvd_event_30d","Arab",66500,"2","23 Jan 2020 to 30 Jun 2020","<10",938.35,18.767,1857.932
"19cat","post_covid_cvd_event_30d","Bangladeshi",66500,"2","23 Jan 2020 to 30 Jun 2020","25",98.861,80.786,119.829
"19cat","post_covid_cvd_event_30d","British",66500,"2","23 Jan 2020 to 30 Jun 2020","2730",36.833,35.451,38.215
"19cat","post_covid_cvd_event_30d","Caribbean",66500,"2","23 Jan 2020 to 30 Jun 2020","70",49.817,37.382,65.143
"19cat","post_covid_cvd_event_30d","Chinese",66500,"2","23 Jan 2020 to 30 Jun 2020","<10",28.35,0.567,56.133
"19cat","post_covid_cvd_event_30d","Gypsy or Irish Traveller",66500,"2","23 Jan 2020 to 30 Jun 2020","<10",50.393,-19.448,120.234
"19cat","post_covid_cvd_event_30d","Indian",66500,"2","23 Jan 2020 to 30 Jun 2020","95",48.163,35.958,63.258
"19cat","post_covid_cvd_event_30d","Irish",66500,"2","23 Jan 2020 to 30 Jun 2020","30",31.361,21.769,43.84
"19cat","post_covid_cvd_event_30d","Pakistani",66500,"2","23 Jan 2020 to 30 Jun 2020","75",64.185,49.887,81.375
"19cat","post_covid_cvd_event_30d","Unknown/Not stated",66500,"2","23 Jan 2020 to 30 Jun 2020","80",34.614,24.47,47.646
"19cat","post_covid_cvd_event_30d","White and Asian",66500,"2","23 Jan 2020 to 30 Jun 2020","<10",53.747,10.74,96.753
"19cat","post_covid_cvd_event_30d","White and Black African",66500,"2","23 Jan 2020 to 30 Jun 2020","10",99.568,81.424,120.605
"19cat","post_covid_cvd_event_30d","White and Black Caribbean",66500,"2","23 Jan 2020 to 30 Jun 2020","25",111.104,91.86,133.241
