"classification","outcome","code","sum_ESP","SEX","sum_sum_events","IR_std","Low_std","High_std"
"6cat","death28d","Asian or Asian British",66500,"1","4390",74.198,72.003,76.393
"6cat","death28d","Black or Black British",66500,"1","1890",82.79,79.057,86.524
"6cat","death28d","Mixed",66500,"1","445",75.218,68.245,82.192
"6cat","death28d","Other Ethnic Group",66500,"1","580",71.048,65.261,76.835
"6cat","death28d","Unknown",66500,"1","1310",45.369,42.914,47.824
"6cat","death28d","White",66500,"1","46290",48.884,48.439,49.329
"6cat","death28d","Asian or Asian British",66500,"2","2730",44.471,42.803,46.14
"6cat","death28d","Black or Black British",66500,"2","1220",43.541,41.096,45.985
"6cat","death28d","Mixed",66500,"2","325",46.595,41.529,51.661
"6cat","death28d","Other Ethnic Group",66500,"2","395",42.673,38.459,46.886
"6cat","death28d","Unknown",66500,"2","1060",25.504,23.967,27.041
"6cat","death28d","White",66500,"2","37995",28.828,28.538,29.118
"6cat","death90d","Asian or Asian British",66500,"1","5040",28.092,27.316,28.868
"6cat","death90d","Black or Black British",66500,"1","2160",32.152,30.797,33.508
"6cat","death90d","Mixed",66500,"1","500",28.455,25.966,30.945
"6cat","death90d","Other Ethnic Group",66500,"1","675",27.999,25.886,30.111
"6cat","death90d","Unknown",66500,"1","1500",17.513,16.627,18.399
"6cat","death90d","White",66500,"1","53445",19.456,19.291,19.621
"6cat","death90d","Asian or Asian British",66500,"2","3090",16.22,15.648,16.792
"6cat","death90d","Black or Black British",66500,"2","1395",16.075,15.231,16.919
"6cat","death90d","Mixed",66500,"2","365",17.461,15.675,19.248
"6cat","death90d","Other Ethnic Group",66500,"2","450",16.125,14.638,17.612
"6cat","death90d","Unknown",66500,"2","1245",9.793,9.248,10.337
"6cat","death90d","White",66500,"2","44305",11.113,11.009,11.216
"6cat","post_covid_cvd_event_1y","Asian or Asian British",66500,"1","11180",17.029,16.713,17.344
"6cat","post_covid_cvd_event_1y","Black or Black British",66500,"1","3210",14.379,13.882,14.876
"6cat","post_covid_cvd_event_1y","Mixed",66500,"1","925",13.917,13.019,14.815
"6cat","post_covid_cvd_event_1y","Other Ethnic Group",66500,"1","1530",17.456,16.582,18.33
"6cat","post_covid_cvd_event_1y","Unknown",66500,"1","3225",12.175,11.755,12.596
"6cat","post_covid_cvd_event_1y","White",66500,"1","113030",14.662,14.577,14.748
"6cat","post_covid_cvd_event_1y","Asian or Asian British",66500,"2","6495",9.064,8.843,9.284
"6cat","post_covid_cvd_event_1y","Black or Black British",66500,"2","2635",9,8.657,9.344
"6cat","post_covid_cvd_event_1y","Mixed",66500,"2","690",8.893,8.23,9.555
"6cat","post_covid_cvd_event_1y","Other Ethnic Group",66500,"2","870",8.955,8.361,9.55
"6cat","post_covid_cvd_event_1y","Unknown",66500,"2","2280",6.493,6.227,6.76
"6cat","post_covid_cvd_event_1y","White",66500,"2","81110",7.644,7.592,7.697
"6cat","post_covid_cvd_event_30d","Asian or Asian British",66500,"1","4665",64.448,62.599,66.298
"6cat","post_covid_cvd_event_30d","Black or Black British",66500,"1","1340",51.166,48.424,53.908
"6cat","post_covid_cvd_event_30d","Mixed",66500,"1","365",48.365,43.396,53.333
"6cat","post_covid_cvd_event_30d","Other Ethnic Group",66500,"1","625",60.705,55.95,65.461
"6cat","post_covid_cvd_event_30d","Unknown",66500,"1","1070",32.615,30.659,34.571
"6cat","post_covid_cvd_event_30d","White",66500,"1","40370",39.849,39.46,40.238
"6cat","post_covid_cvd_event_30d","Asian or Asian British",66500,"2","2280",31.226,29.945,32.508
"6cat","post_covid_cvd_event_30d","Black or Black British",66500,"2","980",29.575,27.722,31.429
"6cat","post_covid_cvd_event_30d","Mixed",66500,"2","260",30.216,26.536,33.896
"6cat","post_covid_cvd_event_30d","Other Ethnic Group",66500,"2","315",29.222,25.995,32.45
"6cat","post_covid_cvd_event_30d","Unknown",66500,"2","720",17.417,16.145,18.688
"6cat","post_covid_cvd_event_30d","White",66500,"2","25920",20.11,19.865,20.355
"9cat","death28d","Bangladeshi",66500,"1","535",116.77,106.893,126.646
"9cat","death28d","Black African",66500,"1","650",83.623,77.194,90.052
"9cat","death28d","Black Caribbean",66500,"1","995",81.686,76.613,86.76
"9cat","death28d","Chinese",66500,"1","150",94.014,78.867,109.16
"9cat","death28d","Indian",66500,"1","1620",64.597,61.45,67.745
"9cat","death28d","Mixed",66500,"1","445",75.218,68.245,82.192
"9cat","death28d","Other",66500,"1","2825",55.955,53.892,58.017
"9cat","death28d","Pakistani",66500,"1","1395",81.308,77.038,85.578
"9cat","death28d","White British",66500,"1","43135",49.167,48.703,49.631
"9cat","death28d","White other",66500,"1","3155",45.058,43.485,46.631
"9cat","death28d","Bangladeshi",66500,"2","345",65.466,58.537,72.394
"9cat","death28d","Black African",66500,"2","400",45.616,41.134,50.097
"9cat","death28d","Black Caribbean",66500,"2","680",41.68,38.542,44.817
"9cat","death28d","Chinese",66500,"2","95",50.343,37.835,65.742
"9cat","death28d","Indian",66500,"2","1030",39.539,37.123,41.955
"9cat","death28d","Mixed",66500,"2","325",46.595,41.529,51.661
"9cat","death28d","Other",66500,"2","1985",31.194,29.822,32.566
"9cat","death28d","Pakistani",66500,"2","870",49.65,46.355,52.946
"9cat","death28d","White British",66500,"2","35505",29.16,28.857,29.463
"9cat","death28d","White other",66500,"2","2490",24.882,23.904,25.859
"9cat","death90d","Bangladeshi",66500,"1","605",43.61,40.135,47.085
"9cat","death90d","Black African",66500,"1","750",31.459,29.206,33.713
"9cat","death90d","Black Caribbean",66500,"1","1135",32.081,30.214,33.947
"9cat","death90d","Chinese",66500,"1","165",35.568,30.124,41.012
"9cat","death90d","Indian",66500,"1","1875",24.775,23.654,25.896
"9cat","death90d","Mixed",66500,"1","500",28.455,25.966,30.945
"9cat","death90d","Other",66500,"1","3255",21.506,20.767,22.244
"9cat","death90d","Pakistani",66500,"1","1590",30.692,29.183,32.201
"9cat","death90d","White British",66500,"1","49825",19.605,19.432,19.777
"9cat","death90d","White other",66500,"1","3620",17.492,16.922,18.062
"9cat","death90d","Bangladeshi",66500,"2","390",23.437,21.105,25.769
"9cat","death90d","Black African",66500,"2","465",16.682,15.169,18.194
"9cat","death90d","Black Caribbean",66500,"2","760",15.405,14.31,16.5
"9cat","death90d","Chinese",66500,"2","110",20.357,16.553,24.161
"9cat","death90d","Indian",66500,"2","1165",14.589,13.751,15.427
"9cat","death90d","Mixed",66500,"2","365",17.461,15.675,19.248
"9cat","death90d","Other",66500,"2","2300",11.764,11.283,12.245
"9cat","death90d","Pakistani",66500,"2","985",17.939,16.82,19.058
"9cat","death90d","White British",66500,"2","41375",11.242,11.134,11.35
"9cat","death90d","White other",66500,"2","2930",9.581,9.234,9.928
"9cat","post_covid_cvd_event_1y","Bangladeshi",66500,"1","1275",24.3,22.965,25.635
"9cat","post_covid_cvd_event_1y","Black African",66500,"1","1360",13.842,13.107,14.578
"9cat","post_covid_cvd_event_1y","Black Caribbean",66500,"1","1400",15.076,14.286,15.865
"9cat","post_covid_cvd_event_1y","Chinese",66500,"1","180",12.705,10.859,14.55
"9cat","post_covid_cvd_event_1y","Indian",66500,"1","3940",14.724,14.264,15.184
"9cat","post_covid_cvd_event_1y","Mixed",66500,"1","925",13.917,13.019,14.815
"9cat","post_covid_cvd_event_1y","Other",66500,"1","7125",13.845,13.524,14.167
"9cat","post_covid_cvd_event_1y","Pakistani",66500,"1","3860",20.869,20.211,21.527
"9cat","post_covid_cvd_event_1y","White British",66500,"1","103480",14.598,14.509,14.687
"9cat","post_covid_cvd_event_1y","White other",66500,"1","9555",15.378,15.069,15.686
"9cat","post_covid_cvd_event_1y","Bangladeshi",66500,"2","640",9.656,8.907,10.405
"9cat","post_covid_cvd_event_1y","Black African",66500,"2","990",7.994,7.496,8.492
"9cat","post_covid_cvd_event_1y","Black Caribbean",66500,"2","1350",9.756,9.236,10.276
"9cat","post_covid_cvd_event_1y","Chinese",66500,"2","110",5.388,4.381,6.395
"9cat","post_covid_cvd_event_1y","Indian",66500,"2","2260",8.111,7.777,8.445
"9cat","post_covid_cvd_event_1y","Mixed",66500,"2","690",8.893,8.23,9.555
"9cat","post_covid_cvd_event_1y","Other",66500,"2","4565",7.349,7.136,7.562
"9cat","post_covid_cvd_event_1y","Pakistani",66500,"2","2365",11.215,10.763,11.667
"9cat","post_covid_cvd_event_1y","White British",66500,"2","74360",7.631,7.576,7.686
"9cat","post_covid_cvd_event_1y","White other",66500,"2","6750",7.842,7.655,8.029
"9cat","post_covid_cvd_event_30d","Bangladeshi",66500,"1","520",88.743,81.116,96.371
"9cat","post_covid_cvd_event_30d","Black African",66500,"1","495",48.437,44.178,52.695
"9cat","post_covid_cvd_event_30d","Black Caribbean",66500,"1","655",56.394,52.082,60.706
"9cat","post_covid_cvd_event_30d","Chinese",66500,"1","100",50.085,37.612,65.448
"9cat","post_covid_cvd_event_30d","Indian",66500,"1","1555",52.016,49.432,54.601
"9cat","post_covid_cvd_event_30d","Mixed",66500,"1","365",48.365,43.396,53.333
"9cat","post_covid_cvd_event_30d","Other",66500,"1","2675",43.537,41.888,45.187
"9cat","post_covid_cvd_event_30d","Pakistani",66500,"1","1690",85.029,80.978,89.081
"9cat","post_covid_cvd_event_30d","White British",66500,"1","36890",39.472,39.069,39.875
"9cat","post_covid_cvd_event_30d","White other",66500,"1","3480",44.185,42.718,45.653
"9cat","post_covid_cvd_event_30d","Bangladeshi",66500,"2","245",38.271,33.479,43.064
"9cat","post_covid_cvd_event_30d","Black African",66500,"2","345",25.482,22.797,28.167
"9cat","post_covid_cvd_event_30d","Black Caribbean",66500,"2","520",32.102,29.348,34.856
"9cat","post_covid_cvd_event_30d","Chinese",66500,"2","50",20.713,13.162,31.149
"9cat","post_covid_cvd_event_30d","Indian",66500,"2","800",27.207,25.322,29.093
"9cat","post_covid_cvd_event_30d","Mixed",66500,"2","260",30.216,26.536,33.896
"9cat","post_covid_cvd_event_30d","Other",66500,"2","1530",21.852,20.757,22.947
"9cat","post_covid_cvd_event_30d","Pakistani",66500,"2","800",39.187,36.473,41.901
"9cat","post_covid_cvd_event_30d","White British",66500,"2","23740",19.985,19.73,20.239
"9cat","post_covid_cvd_event_30d","White other",66500,"2","2180",21.596,20.69,22.503
"19cat","death28d","African",66500,"1","650",83.623,77.194,90.052
"19cat","death28d","Any other Asian background",66500,"1","695",66.484,61.534,71.434
"19cat","death28d","Any other Black background",66500,"1","245",90.675,79.274,102.076
"19cat","death28d","Any other ethnic group",66500,"1","560",73.88,67.75,80.01
"19cat","death28d","Any other Mixed background",66500,"1","115",59.96,48.905,71.016
"19cat","death28d","Any other White background",66500,"1","2595",44.527,42.814,46.239
"19cat","death28d","Arab",66500,"1","20",45.312,33.514,60
"19cat","death28d","Bangladeshi",66500,"1","535",116.77,106.893,126.646
"19cat","death28d","British",66500,"1","43135",49.167,48.703,49.631
"19cat","death28d","Caribbean",66500,"1","995",81.686,76.613,86.76
"19cat","death28d","Chinese",66500,"1","150",94.014,78.867,109.16
"19cat","death28d","Gypsy or Irish Traveller",66500,"1","10",27.197,18.355,38.925
"19cat","death28d","Indian",66500,"1","1620",64.597,61.45,67.745
"19cat","death28d","Irish",66500,"1","545",47.857,43.835,51.879
"19cat","death28d","Pakistani",66500,"1","1395",81.308,77.038,85.578
"19cat","death28d","Unknown/Not stated",66500,"1","1310",45.369,42.914,47.824
"19cat","death28d","White and Asian",66500,"1","75",72.659,57.359,90.85
"19cat","death28d","White and Black African",66500,"1","60",64.503,50.166,81.731
"19cat","death28d","White and Black Caribbean",66500,"1","195",96.282,82.837,109.728
"19cat","death28d","African",66500,"2","400",45.616,41.134,50.097
"19cat","death28d","Any other Asian background",66500,"2","390",38.383,34.578,42.187
"19cat","death28d","Any other Black background",66500,"2","145",46.806,39.134,54.478
"19cat","death28d","Any other ethnic group",66500,"2","375",42.552,38.239,46.865
"19cat","death28d","Any other Mixed background",66500,"2","90",35.614,25.306,48.811
"19cat","death28d","Any other White background",66500,"2","2045",24.317,23.264,25.371
"19cat","death28d","Arab",66500,"2","20",49.199,36.849,64.439
"19cat","death28d","Bangladeshi",66500,"2","345",65.466,58.537,72.394
"19cat","death28d","British",66500,"2","35505",29.16,28.857,29.463
"19cat","death28d","Caribbean",66500,"2","680",41.68,38.542,44.817
"19cat","death28d","Chinese",66500,"2","95",50.343,37.835,65.742
"19cat","death28d","Gypsy or Irish Traveller",66500,"2","<10",34.87,24.379,47.512
"19cat","death28d","Indian",66500,"2","1030",39.539,37.123,41.955
"19cat","death28d","Irish",66500,"2","435",27.241,24.678,29.803
"19cat","death28d","Pakistani",66500,"2","870",49.65,46.355,52.946
"19cat","death28d","Unknown/Not stated",66500,"2","1060",25.504,23.967,27.041
"19cat","death28d","White and Asian",66500,"2","45",43.915,32.321,58.398
"19cat","death28d","White and Black African",66500,"2","40",40.902,29.76,54.934
"19cat","death28d","White and Black Caribbean",66500,"2","150",64.833,54.458,75.209
"19cat","death90d","African",66500,"1","750",31.459,29.206,33.713
"19cat","death90d","Any other Asian background",66500,"1","805",24.829,23.112,26.546
"19cat","death90d","Any other Black background",66500,"1","275",34.931,30.817,39.044
"19cat","death90d","Any other ethnic group",66500,"1","650",29.219,26.974,31.464
"19cat","death90d","Any other Mixed background",66500,"1","130",22.121,18.289,25.953
"19cat","death90d","Any other White background",66500,"1","2985",17.274,16.655,17.894
"19cat","death90d","Arab",66500,"1","25",16.507,9.903,25.993
"19cat","death90d","Bangladeshi",66500,"1","605",43.61,40.135,47.085
"19cat","death90d","British",66500,"1","49825",19.605,19.432,19.777
"19cat","death90d","Caribbean",66500,"1","1135",32.081,30.214,33.947
"19cat","death90d","Chinese",66500,"1","165",35.568,30.124,41.012
"19cat","death90d","Gypsy or Irish Traveller",66500,"1","15",13.806,7.874,22.618
"19cat","death90d","Indian",66500,"1","1875",24.775,23.654,25.896
"19cat","death90d","Irish",66500,"1","615",18.537,17.074,20
"19cat","death90d","Pakistani",66500,"1","1590",30.692,29.183,32.201
"19cat","death90d","Unknown/Not stated",66500,"1","1500",17.513,16.627,18.399
"19cat","death90d","White and Asian",66500,"1","90",28.29,19.246,40.221
"19cat","death90d","White and Black African",66500,"1","65",24.158,15.9,35.302
"19cat","death90d","White and Black Caribbean",66500,"1","215",36.739,31.84,41.639
"19cat","death90d","African",66500,"2","465",16.682,15.169,18.194
"19cat","death90d","Any other Asian background",66500,"2","440",13.748,12.46,15.035
"19cat","death90d","Any other Black background",66500,"2","165",17.553,14.891,20.215
"19cat","death90d","Any other ethnic group",66500,"2","430",16.122,14.6,17.644
"19cat","death90d","Any other Mixed background",66500,"2","100",13.467,7.623,22.19
"19cat","death90d","Any other White background",66500,"2","2415",9.378,9.004,9.752
"19cat","death90d","Arab",66500,"2","20",17.564,10.712,27.299
"19cat","death90d","Bangladeshi",66500,"2","390",23.437,21.105,25.769
"19cat","death90d","British",66500,"2","41375",11.242,11.134,11.35
"19cat","death90d","Caribbean",66500,"2","760",15.405,14.31,16.5
"19cat","death90d","Chinese",66500,"2","110",20.357,16.553,24.161
"19cat","death90d","Gypsy or Irish Traveller",66500,"2","10",13.135,7.379,21.77
"19cat","death90d","Indian",66500,"2","1165",14.589,13.751,15.427
"19cat","death90d","Irish",66500,"2","500",10.397,9.488,11.307
"19cat","death90d","Pakistani",66500,"2","985",17.939,16.82,19.058
"19cat","death90d","Unknown/Not stated",66500,"2","1245",9.793,9.248,10.337
"19cat","death90d","White and Asian",66500,"2","55",16.175,9.65,25.581
"19cat","death90d","White and Black African",66500,"2","50",15.818,9.38,25.138
"19cat","death90d","White and Black Caribbean",66500,"2","165",23.774,20.168,27.379
"19cat","post_covid_cvd_event_1y","African",66500,"1","1360",13.842,13.107,14.578
"19cat","post_covid_cvd_event_1y","Any other Asian background",66500,"1","1920",14.923,14.255,15.59
"19cat","post_covid_cvd_event_1y","Any other Black background",66500,"1","450",13.685,12.419,14.951
"19cat","post_covid_cvd_event_1y","Any other ethnic group",66500,"1","1390",17.519,16.598,18.44
"19cat","post_covid_cvd_event_1y","Any other Mixed background",66500,"1","355",15.582,13.963,17.201
"19cat","post_covid_cvd_event_1y","Any other White background",66500,"1","8160",15.178,14.849,15.508
"19cat","post_covid_cvd_event_1y","Arab",66500,"1","140",16.868,14.094,19.643
"19cat","post_covid_cvd_event_1y","Bangladeshi",66500,"1","1275",24.3,22.965,25.635
"19cat","post_covid_cvd_event_1y","British",66500,"1","103480",14.598,14.509,14.687
"19cat","post_covid_cvd_event_1y","Caribbean",66500,"1","1400",15.076,14.286,15.865
"19cat","post_covid_cvd_event_1y","Chinese",66500,"1","180",12.705,10.859,14.55
"19cat","post_covid_cvd_event_1y","Gypsy or Irish Traveller",66500,"1","55",11.825,6.427,20.1
"19cat","post_covid_cvd_event_1y","Indian",66500,"1","3940",14.724,14.264,15.184
"19cat","post_covid_cvd_event_1y","Irish",66500,"1","1340",16.461,15.579,17.342
"19cat","post_covid_cvd_event_1y","Pakistani",66500,"1","3860",20.869,20.211,21.527
"19cat","post_covid_cvd_event_1y","Unknown/Not stated",66500,"1","3225",12.175,11.755,12.596
"19cat","post_covid_cvd_event_1y","White and Asian",66500,"1","185",15.345,13.134,17.556
"19cat","post_covid_cvd_event_1y","White and Black African",66500,"1","160",17.825,15.046,20.605
"19cat","post_covid_cvd_event_1y","White and Black Caribbean",66500,"1","225",11.972,10.404,13.54
"19cat","post_covid_cvd_event_1y","African",66500,"2","990",7.994,7.496,8.492
"19cat","post_covid_cvd_event_1y","Any other Asian background",66500,"2","1120",8.446,7.951,8.94
"19cat","post_covid_cvd_event_1y","Any other Black background",66500,"2","295",8.654,7.665,9.643
"19cat","post_covid_cvd_event_1y","Any other ethnic group",66500,"2","810",8.737,8.135,9.339
"19cat","post_covid_cvd_event_1y","Any other Mixed background",66500,"2","220",8.52,7.394,9.646
"19cat","post_covid_cvd_event_1y","Any other White background",66500,"2","5755",7.752,7.552,7.953
"19cat","post_covid_cvd_event_1y","Arab",66500,"2","60",13.909,7.95,22.747
"19cat","post_covid_cvd_event_1y","Bangladeshi",66500,"2","640",9.656,8.907,10.405
"19cat","post_covid_cvd_event_1y","British",66500,"2","74360",7.631,7.576,7.686
"19cat","post_covid_cvd_event_1y","Caribbean",66500,"2","1350",9.756,9.236,10.276
"19cat","post_covid_cvd_event_1y","Chinese",66500,"2","110",5.388,4.381,6.395
"19cat","post_covid_cvd_event_1y","Gypsy or Irish Traveller",66500,"2","45",11.898,6.48,20.194
"19cat","post_covid_cvd_event_1y","Indian",66500,"2","2260",8.111,7.777,8.445
"19cat","post_covid_cvd_event_1y","Irish",66500,"2","950",8.358,7.826,8.89
"19cat","post_covid_cvd_event_1y","Pakistani",66500,"2","2365",11.215,10.763,11.667
"19cat","post_covid_cvd_event_1y","Unknown/Not stated",66500,"2","2280",6.493,6.227,6.76
"19cat","post_covid_cvd_event_1y","White and Asian",66500,"2","120",7.414,6.076,8.752
"19cat","post_covid_cvd_event_1y","White and Black African",66500,"2","125",8.419,6.937,9.9
"19cat","post_covid_cvd_event_1y","White and Black Caribbean",66500,"2","230",10.122,8.814,11.43
"19cat","post_covid_cvd_event_30d","African",66500,"1","495",48.437,44.178,52.695
"19cat","post_covid_cvd_event_30d","Any other Asian background",66500,"1","800",57.096,53.135,61.058
"19cat","post_covid_cvd_event_30d","Any other Black background",66500,"1","185",48.627,41.601,55.653
"19cat","post_covid_cvd_event_30d","Any other ethnic group",66500,"1","565",59.742,54.816,64.669
"19cat","post_covid_cvd_event_30d","Any other Mixed background",66500,"1","125",51.424,42.409,60.439
"19cat","post_covid_cvd_event_30d","Any other White background",66500,"1","2960",43.918,42.336,45.5
"19cat","post_covid_cvd_event_30d","Arab",66500,"1","60",71.819,56.616,89.914
"19cat","post_covid_cvd_event_30d","Bangladeshi",66500,"1","520",88.743,81.116,96.371
"19cat","post_covid_cvd_event_30d","British",66500,"1","36890",39.472,39.069,39.875
"19cat","post_covid_cvd_event_30d","Caribbean",66500,"1","655",56.394,52.082,60.706
"19cat","post_covid_cvd_event_30d","Chinese",66500,"1","100",50.085,37.612,65.448
"19cat","post_covid_cvd_event_30d","Gypsy or Irish Traveller",66500,"1","15",37.008,26.474,50.43
"19cat","post_covid_cvd_event_30d","Indian",66500,"1","1555",52.016,49.432,54.601
"19cat","post_covid_cvd_event_30d","Irish",66500,"1","505",45.391,41.432,49.35
"19cat","post_covid_cvd_event_30d","Pakistani",66500,"1","1690",85.029,80.978,89.081
"19cat","post_covid_cvd_event_30d","Unknown/Not stated",66500,"1","1070",32.615,30.659,34.571
"19cat","post_covid_cvd_event_30d","White and Asian",66500,"1","80",55.549,42.342,71.647
"19cat","post_covid_cvd_event_30d","White and Black African",66500,"1","50",51.978,39.247,67.6
"19cat","post_covid_cvd_event_30d","White and Black Caribbean",66500,"1","105",47.946,38.861,57.031
"19cat","post_covid_cvd_event_30d","African",66500,"2","345",25.482,22.797,28.167
"19cat","post_covid_cvd_event_30d","Any other Asian background",66500,"2","385",27.918,25.125,30.71
"19cat","post_covid_cvd_event_30d","Any other Black background",66500,"2","110",30.922,25.143,36.701
"19cat","post_covid_cvd_event_30d","Any other ethnic group",66500,"2","290",28.267,25.008,31.526
"19cat","post_covid_cvd_event_30d","Any other Mixed background",66500,"2","80",26.14,17.497,37.669
"19cat","post_covid_cvd_event_30d","Any other White background",66500,"2","1855",21.621,20.637,22.606
"19cat","post_covid_cvd_event_30d","Arab",66500,"2","25",50.937,38.347,66.417
"19cat","post_covid_cvd_event_30d","Bangladeshi",66500,"2","245",38.271,33.479,43.064
"19cat","post_covid_cvd_event_30d","British",66500,"2","23740",19.985,19.73,20.239
"19cat","post_covid_cvd_event_30d","Caribbean",66500,"2","520",32.102,29.348,34.856
"19cat","post_covid_cvd_event_30d","Chinese",66500,"2","50",20.713,13.162,31.149
"19cat","post_covid_cvd_event_30d","Gypsy or Irish Traveller",66500,"2","15",38.584,27.8,52.256
"19cat","post_covid_cvd_event_30d","Indian",66500,"2","800",27.207,25.322,29.093
"19cat","post_covid_cvd_event_30d","Irish",66500,"2","310",21.66,19.249,24.071
"19cat","post_covid_cvd_event_30d","Pakistani",66500,"2","800",39.187,36.473,41.901
"19cat","post_covid_cvd_event_30d","Unknown/Not stated",66500,"2","720",17.417,16.145,18.688
"19cat","post_covid_cvd_event_30d","White and Asian",66500,"2","40",24.667,16.309,35.912
"19cat","post_covid_cvd_event_30d","White and Black African",66500,"2","40",26.913,18.125,38.589
"19cat","post_covid_cvd_event_30d","White and Black Caribbean",66500,"2","100",38.726,31.136,46.316
